-- MySQL dump 10.13  Distrib 5.7.15, for osx10.11 (x86_64)
--
-- Host: localhost    Database: network
-- ------------------------------------------------------
-- Server version	5.6.33

/*!40101 SET @OLD_CHARACTER_SET_CLIENT=@@CHARACTER_SET_CLIENT */;
/*!40101 SET @OLD_CHARACTER_SET_RESULTS=@@CHARACTER_SET_RESULTS */;
/*!40101 SET @OLD_COLLATION_CONNECTION=@@COLLATION_CONNECTION */;
/*!40101 SET NAMES utf8 */;
/*!40103 SET @OLD_TIME_ZONE=@@TIME_ZONE */;
/*!40103 SET TIME_ZONE='+00:00' */;
/*!40014 SET @OLD_UNIQUE_CHECKS=@@UNIQUE_CHECKS, UNIQUE_CHECKS=0 */;
/*!40014 SET @OLD_FOREIGN_KEY_CHECKS=@@FOREIGN_KEY_CHECKS, FOREIGN_KEY_CHECKS=0 */;
/*!40101 SET @OLD_SQL_MODE=@@SQL_MODE, SQL_MODE='NO_AUTO_VALUE_ON_ZERO' */;
/*!40111 SET @OLD_SQL_NOTES=@@SQL_NOTES, SQL_NOTES=0 */;

--
-- Table structure for table `ComAir`
--

DROP TABLE IF EXISTS `ComAir`;
/*!40101 SET @saved_cs_client     = @@character_set_client */;
/*!40101 SET character_set_client = utf8 */;
CREATE TABLE `ComAir` (
  `ca_id` int(11) NOT NULL,
  `ca_ar` int(11) DEFAULT NULL,
  `ca_detal` text,
  `ca_time` timestamp NOT NULL DEFAULT CURRENT_TIMESTAMP ON UPDATE CURRENT_TIMESTAMP,
  PRIMARY KEY (`ca_id`)
) ENGINE=InnoDB DEFAULT CHARSET=utf8;
/*!40101 SET character_set_client = @saved_cs_client */;

--
-- Dumping data for table `ComAir`
--

LOCK TABLES `ComAir` WRITE;
/*!40000 ALTER TABLE `ComAir` DISABLE KEYS */;
/*!40000 ALTER TABLE `ComAir` ENABLE KEYS */;
UNLOCK TABLES;

--
-- Table structure for table `ComCisco`
--

DROP TABLE IF EXISTS `ComCisco`;
/*!40101 SET @saved_cs_client     = @@character_set_client */;
/*!40101 SET character_set_client = utf8 */;
CREATE TABLE `ComCisco` (
  `cc_id` int(11) NOT NULL,
  `cc_ci` int(11) DEFAULT NULL,
  `cc_detail` text,
  `cc_time` timestamp NULL DEFAULT NULL,
  PRIMARY KEY (`cc_id`)
) ENGINE=InnoDB DEFAULT CHARSET=utf8;
/*!40101 SET character_set_client = @saved_cs_client */;

--
-- Dumping data for table `ComCisco`
--

LOCK TABLES `ComCisco` WRITE;
/*!40000 ALTER TABLE `ComCisco` DISABLE KEYS */;
/*!40000 ALTER TABLE `ComCisco` ENABLE KEYS */;
UNLOCK TABLES;

--
-- Table structure for table `Customer`
--

DROP TABLE IF EXISTS `Customer`;
/*!40101 SET @saved_cs_client     = @@character_set_client */;
/*!40101 SET character_set_client = utf8 */;
CREATE TABLE `Customer` (
  `c_id` int(11) NOT NULL AUTO_INCREMENT,
  `c_name` varchar(45) NOT NULL,
  `c_type` int(11) NOT NULL,
  PRIMARY KEY (`c_id`)
) ENGINE=InnoDB AUTO_INCREMENT=13 DEFAULT CHARSET=utf8;
/*!40101 SET character_set_client = @saved_cs_client */;

--
-- Dumping data for table `Customer`
--

LOCK TABLES `Customer` WRITE;
/*!40000 ALTER TABLE `Customer` DISABLE KEYS */;
INSERT INTO `Customer` VALUES (1,'SCB',2),(5,'TMB',1),(8,'UOB',1),(9,'SCB',2);
/*!40000 ALTER TABLE `Customer` ENABLE KEYS */;
UNLOCK TABLES;

--
-- Table structure for table `IpAdress`
--

DROP TABLE IF EXISTS `IpAdress`;
/*!40101 SET @saved_cs_client     = @@character_set_client */;
/*!40101 SET character_set_client = utf8 */;
CREATE TABLE `IpAdress` (
  `Ia_id` int(11) NOT NULL AUTO_INCREMENT,
  `Ia_ais` varchar(45) NOT NULL,
  `Ia_dtac` varchar(45) NOT NULL,
  `Ia_cid` varchar(45) DEFAULT 'None',
  `Ia_ph_ais` varchar(45) DEFAULT 'None',
  `Ia_ph_dtac` varchar(45) DEFAULT 'None',
  `Ia_st` int(11) NOT NULL DEFAULT '2',
  `Ia_uc` int(11) NOT NULL,
  PRIMARY KEY (`Ia_id`)
) ENGINE=InnoDB AUTO_INCREMENT=2795 DEFAULT CHARSET=utf8;
/*!40101 SET character_set_client = @saved_cs_client */;

--
-- Dumping data for table `IpAdress`
--

LOCK TABLES `IpAdress` WRITE;
/*!40000 ALTER TABLE `IpAdress` DISABLE KEYS */;
INSERT INTO `IpAdress` VALUES (1525,'10.16.69.1','101.1.7.1','None','None','None',1,15),(1526,'10.16.69.2','101.1.7.2','None','None','None',1,15),(1527,'10.16.69.3','101.1.7.3','None','None','None',1,15),(1528,'10.16.69.4','101.1.7.4','28191','0927484667','0879035310',2,15),(1529,'10.16.69.5','101.1.7.5','None','None','None',2,15),(1530,'10.16.69.6','101.1.7.6','None','None','None',2,15),(1531,'10.16.69.7','101.1.7.7','None','None','None',2,15),(1532,'10.16.69.8','101.1.7.8','None','None','None',2,15),(1533,'10.16.69.9','101.1.7.9','None','None','None',2,15),(1534,'10.16.69.10','101.1.7.10','None','None','None',2,15),(1535,'10.16.69.11','101.1.7.11','None','None','None',2,15),(1536,'10.16.69.12','101.1.7.12','None','None','None',2,15),(1537,'10.16.69.13','101.1.7.13','None','None','None',2,15),(1538,'10.16.69.14','101.1.7.14','None','None','None',1,15),(1539,'10.16.69.15','101.1.7.15','None','None','None',2,15),(1540,'10.16.69.16','101.1.7.16','None','None','None',2,15),(1541,'10.16.69.17','101.1.7.17','None','None','None',1,15),(1542,'10.16.69.18','101.1.7.18','None','None','None',2,15),(1543,'10.16.69.19','101.1.7.19','None','None','None',2,15),(1544,'10.16.69.20','101.1.7.20','None','None','None',2,15),(1545,'10.16.69.21','101.1.7.21','None','None','None',2,15),(1546,'10.16.69.22','101.1.7.22','None','None','None',1,15),(1547,'10.16.69.23','101.1.7.23','None','None','None',2,15),(1548,'10.16.69.24','101.1.7.24','None','None','None',2,15),(1549,'10.16.69.25','101.1.7.25','None','None','None',2,15),(1550,'10.16.69.26','101.1.7.26','None','None','None',2,15),(1551,'10.16.69.27','101.1.7.27','None','None','None',2,15),(1552,'10.16.69.28','101.1.7.28','None','None','None',2,15),(1553,'10.16.69.29','101.1.7.29','None','None','None',2,15),(1554,'10.16.69.30','101.1.7.30','None','None','None',2,15),(1555,'10.16.69.31','101.1.7.31','None','None','None',2,15),(1556,'10.16.69.32','101.1.7.32','None','None','None',2,15),(1557,'10.16.69.33','101.1.7.33','None','None','None',2,15),(1558,'10.16.69.34','101.1.7.34','None','None','None',2,15),(1559,'10.16.69.35','101.1.7.35','None','None','None',2,15),(1560,'10.16.69.36','101.1.7.36','None','None','None',2,15),(1561,'10.16.69.37','101.1.7.37','None','None','None',2,15),(1562,'10.16.69.38','101.1.7.38','None','None','None',2,15),(1563,'10.16.69.39','101.1.7.39','None','None','None',2,15),(1564,'10.16.69.40','101.1.7.40','None','None','None',2,15),(1565,'10.16.69.41','101.1.7.41','None','None','None',2,15),(1566,'10.16.69.42','101.1.7.42','None','None','None',2,15),(1567,'10.16.69.43','101.1.7.43','None','None','None',2,15),(1568,'10.16.69.44','101.1.7.44','None','None','None',2,15),(1569,'10.16.69.45','101.1.7.45','None','None','None',2,15),(1570,'10.16.69.46','101.1.7.46','None','None','None',2,15),(1571,'10.16.69.47','101.1.7.47','None','None','None',2,15),(1572,'10.16.69.48','101.1.7.48','None','None','None',2,15),(1573,'10.16.69.49','101.1.7.49','None','None','None',2,15),(1574,'10.16.69.50','101.1.7.50','None','None','None',2,15),(1575,'10.16.69.51','101.1.7.51','None','None','None',2,15),(1576,'10.16.69.52','101.1.7.52','None','None','None',2,15),(1577,'10.16.69.53','101.1.7.53','None','None','None',2,15),(1578,'10.16.69.54','101.1.7.54','None','None','None',2,15),(1579,'10.16.69.55','101.1.7.55','None','None','None',2,15),(1580,'10.16.69.56','101.1.7.56','None','None','None',2,15),(1581,'10.16.69.57','101.1.7.57','None','None','None',2,15),(1582,'10.16.69.58','101.1.7.58','None','None','None',2,15),(1583,'10.16.69.59','101.1.7.59','None','None','None',2,15),(1584,'10.16.69.60','101.1.7.60','None','None','None',2,15),(1585,'10.16.69.61','101.1.7.61','None','None','None',2,15),(1586,'10.16.69.62','101.1.7.62','None','None','None',2,15),(1587,'10.16.69.63','101.1.7.63','None','None','None',2,15),(1588,'10.16.69.64','101.1.7.64','None','None','None',2,15),(1589,'10.16.69.65','101.1.7.65','None','None','None',2,15),(1590,'10.16.69.66','101.1.7.66','None','None','None',2,15),(1591,'10.16.69.67','101.1.7.67','None','None','None',2,15),(1592,'10.16.69.68','101.1.7.68','None','None','None',2,15),(1593,'10.16.69.69','101.1.7.69','None','None','None',2,15),(1594,'10.16.69.70','101.1.7.70','None','None','None',2,15),(1595,'10.16.69.71','101.1.7.71','None','None','None',2,15),(1596,'10.16.69.72','101.1.7.72','None','None','None',2,15),(1597,'10.16.69.73','101.1.7.73','None','None','None',2,15),(1598,'10.16.69.74','101.1.7.74','None','None','None',2,15),(1599,'10.16.69.75','101.1.7.75','None','None','None',2,15),(1600,'10.16.69.76','101.1.7.76','None','None','None',2,15),(1601,'10.16.69.77','101.1.7.77','None','None','None',2,15),(1602,'10.16.69.78','101.1.7.78','None','None','None',2,15),(1603,'10.16.69.79','101.1.7.79','None','None','None',2,15),(1604,'10.16.69.80','101.1.7.80','None','None','None',2,15),(1605,'10.16.69.81','101.1.7.81','None','None','None',2,15),(1606,'10.16.69.82','101.1.7.82','None','None','None',2,15),(1607,'10.16.69.83','101.1.7.83','None','None','None',2,15),(1608,'10.16.69.84','101.1.7.84','None','None','None',2,15),(1609,'10.16.69.85','101.1.7.85','None','None','None',2,15),(1610,'10.16.69.86','101.1.7.86','None','None','None',2,15),(1611,'10.16.69.87','101.1.7.87','None','None','None',2,15),(1612,'10.16.69.88','101.1.7.88','None','None','None',2,15),(1613,'10.16.69.89','101.1.7.89','None','None','None',2,15),(1614,'10.16.69.90','101.1.7.90','None','None','None',2,15),(1615,'10.16.69.91','101.1.7.91','None','None','None',2,15),(1616,'10.16.69.92','101.1.7.92','None','None','None',2,15),(1617,'10.16.69.93','101.1.7.93','None','None','None',2,15),(1618,'10.16.69.94','101.1.7.94','None','None','None',2,15),(1619,'10.16.69.95','101.1.7.95','None','None','None',2,15),(1620,'10.16.69.96','101.1.7.96','None','None','None',2,15),(1621,'10.16.69.97','101.1.7.97','None','None','None',2,15),(1622,'10.16.69.98','101.1.7.98','None','None','None',2,15),(1623,'10.16.69.99','101.1.7.99','None','None','None',2,15),(1624,'10.16.69.100','101.1.7.100','None','None','None',2,15),(1625,'10.16.69.101','101.1.7.101','None','None','None',2,15),(1626,'10.16.69.102','101.1.7.102','None','None','None',2,15),(1627,'10.16.69.103','101.1.7.103','None','None','None',2,15),(1628,'10.16.69.104','101.1.7.104','None','None','None',2,15),(1629,'10.16.69.105','101.1.7.105','None','None','None',2,15),(1630,'10.16.69.106','101.1.7.106','None','None','None',2,15),(1631,'10.16.69.107','101.1.7.107','None','None','None',2,15),(1632,'10.16.69.108','101.1.7.108','None','None','None',2,15),(1633,'10.16.69.109','101.1.7.109','None','None','None',2,15),(1634,'10.16.69.110','101.1.7.110','None','None','None',2,15),(1635,'10.16.69.111','101.1.7.111','None','None','None',2,15),(1636,'10.16.69.112','101.1.7.112','None','None','None',2,15),(1637,'10.16.69.113','101.1.7.113','None','None','None',2,15),(1638,'10.16.69.114','101.1.7.114','None','None','None',2,15),(1639,'10.16.69.115','101.1.7.115','None','None','None',2,15),(1640,'10.16.69.116','101.1.7.116','None','None','None',2,15),(1641,'10.16.69.117','101.1.7.117','None','None','None',2,15),(1642,'10.16.69.118','101.1.7.118','None','None','None',2,15),(1643,'10.16.69.119','101.1.7.119','None','None','None',2,15),(1644,'10.16.69.120','101.1.7.120','None','None','None',2,15),(1645,'10.16.69.121','101.1.7.121','None','None','None',2,15),(1646,'10.16.69.122','101.1.7.122','None','None','None',2,15),(1647,'10.16.69.123','101.1.7.123','None','None','None',2,15),(1648,'10.16.69.124','101.1.7.124','None','None','None',2,15),(1649,'10.16.69.125','101.1.7.125','None','None','None',2,15),(1650,'10.16.69.126','101.1.7.126','None','None','None',2,15),(1651,'10.16.69.127','101.1.7.127','None','None','None',2,15),(1652,'10.16.69.128','101.1.7.128','None','None','None',2,15),(1653,'10.16.69.129','101.1.7.129','None','None','None',2,15),(1654,'10.16.69.130','101.1.7.130','None','None','None',2,15),(1655,'10.16.69.131','101.1.7.131','None','None','None',2,15),(1656,'10.16.69.132','101.1.7.132','None','None','None',2,15),(1657,'10.16.69.133','101.1.7.133','None','None','None',2,15),(1658,'10.16.69.134','101.1.7.134','None','None','None',2,15),(1659,'10.16.69.135','101.1.7.135','None','None','None',2,15),(1660,'10.16.69.136','101.1.7.136','None','None','None',2,15),(1661,'10.16.69.137','101.1.7.137','None','None','None',2,15),(1662,'10.16.69.138','101.1.7.138','None','None','None',2,15),(1663,'10.16.69.139','101.1.7.139','None','None','None',2,15),(1664,'10.16.69.140','101.1.7.140','None','None','None',2,15),(1665,'10.16.69.141','101.1.7.141','None','None','None',2,15),(1666,'10.16.69.142','101.1.7.142','None','None','None',2,15),(1667,'10.16.69.143','101.1.7.143','None','None','None',2,15),(1668,'10.16.69.144','101.1.7.144','None','None','None',2,15),(1669,'10.16.69.145','101.1.7.145','None','None','None',2,15),(1670,'10.16.69.146','101.1.7.146','None','None','None',2,15),(1671,'10.16.69.147','101.1.7.147','None','None','None',2,15),(1672,'10.16.69.148','101.1.7.148','None','None','None',2,15),(1673,'10.16.69.149','101.1.7.149','None','None','None',2,15),(1674,'10.16.69.150','101.1.7.150','None','None','None',2,15),(1675,'10.16.69.151','101.1.7.151','None','None','None',2,15),(1676,'10.16.69.152','101.1.7.152','None','None','None',2,15),(1677,'10.16.69.153','101.1.7.153','None','None','None',2,15),(1678,'10.16.69.154','101.1.7.154','None','None','None',2,15),(1679,'10.16.69.155','101.1.7.155','None','None','None',2,15),(1680,'10.16.69.156','101.1.7.156','None','None','None',2,15),(1681,'10.16.69.157','101.1.7.157','None','None','None',2,15),(1682,'10.16.69.158','101.1.7.158','None','None','None',2,15),(1683,'10.16.69.159','101.1.7.159','None','None','None',2,15),(1684,'10.16.69.160','101.1.7.160','None','None','None',2,15),(1685,'10.16.69.161','101.1.7.161','None','None','None',2,15),(1686,'10.16.69.162','101.1.7.162','None','None','None',2,15),(1687,'10.16.69.163','101.1.7.163','None','None','None',2,15),(1688,'10.16.69.164','101.1.7.164','None','None','None',2,15),(1689,'10.16.69.165','101.1.7.165','None','None','None',2,15),(1690,'10.16.69.166','101.1.7.166','None','None','None',2,15),(1691,'10.16.69.167','101.1.7.167','None','None','None',2,15),(1692,'10.16.69.168','101.1.7.168','None','None','None',2,15),(1693,'10.16.69.169','101.1.7.169','None','None','None',2,15),(1694,'10.16.69.170','101.1.7.170','None','None','None',2,15),(1695,'10.16.69.171','101.1.7.171','None','None','None',2,15),(1696,'10.16.69.172','101.1.7.172','None','None','None',2,15),(1697,'10.16.69.173','101.1.7.173','None','None','None',2,15),(1698,'10.16.69.174','101.1.7.174','None','None','None',2,15),(1699,'10.16.69.175','101.1.7.175','None','None','None',2,15),(1700,'10.16.69.176','101.1.7.176','None','None','None',2,15),(1701,'10.16.69.177','101.1.7.177','None','None','None',2,15),(1702,'10.16.69.178','101.1.7.178','None','None','None',2,15),(1703,'10.16.69.179','101.1.7.179','None','None','None',2,15),(1704,'10.16.69.180','101.1.7.180','None','None','None',2,15),(1705,'10.16.69.181','101.1.7.181','None','None','None',2,15),(1706,'10.16.69.182','101.1.7.182','None','None','None',2,15),(1707,'10.16.69.183','101.1.7.183','None','None','None',2,15),(1708,'10.16.69.184','101.1.7.184','None','None','None',2,15),(1709,'10.16.69.185','101.1.7.185','None','None','None',2,15),(1710,'10.16.69.186','101.1.7.186','None','None','None',2,15),(1711,'10.16.69.187','101.1.7.187','None','None','None',2,15),(1712,'10.16.69.188','101.1.7.188','None','None','None',2,15),(1713,'10.16.69.189','101.1.7.189','None','None','None',2,15),(1714,'10.16.69.190','101.1.7.190','None','None','None',2,15),(1715,'10.16.69.191','101.1.7.191','None','None','None',2,15),(1716,'10.16.69.192','101.1.7.192','None','None','None',2,15),(1717,'10.16.69.193','101.1.7.193','None','None','None',2,15),(1718,'10.16.69.194','101.1.7.194','None','None','None',2,15),(1719,'10.16.69.195','101.1.7.195','None','None','None',2,15),(1720,'10.16.69.196','101.1.7.196','None','None','None',2,15),(1721,'10.16.69.197','101.1.7.197','None','None','None',2,15),(1722,'10.16.69.198','101.1.7.198','None','None','None',2,15),(1723,'10.16.69.199','101.1.7.199','None','None','None',2,15),(1724,'10.16.69.200','101.1.7.200','None','None','None',2,15),(1725,'10.16.69.201','101.1.7.201','None','None','None',2,15),(1726,'10.16.69.202','101.1.7.202','None','None','None',2,15),(1727,'10.16.69.203','101.1.7.203','None','None','None',2,15),(1728,'10.16.69.204','101.1.7.204','None','None','None',2,15),(1729,'10.16.69.205','101.1.7.205','None','None','None',2,15),(1730,'10.16.69.206','101.1.7.206','None','None','None',2,15),(1731,'10.16.69.207','101.1.7.207','None','None','None',2,15),(1732,'10.16.69.208','101.1.7.208','None','None','None',2,15),(1733,'10.16.69.209','101.1.7.209','None','None','None',2,15),(1734,'10.16.69.210','101.1.7.210','None','None','None',2,15),(1735,'10.16.69.211','101.1.7.211','None','None','None',2,15),(1736,'10.16.69.212','101.1.7.212','None','None','None',2,15),(1737,'10.16.69.213','101.1.7.213','None','None','None',2,15),(1738,'10.16.69.214','101.1.7.214','None','None','None',2,15),(1739,'10.16.69.215','101.1.7.215','None','None','None',2,15),(1740,'10.16.69.216','101.1.7.216','None','None','None',2,15),(1741,'10.16.69.217','101.1.7.217','None','None','None',2,15),(1742,'10.16.69.218','101.1.7.218','None','None','None',2,15),(1743,'10.16.69.219','101.1.7.219','None','None','None',2,15),(1744,'10.16.69.220','101.1.7.220','None','None','None',2,15),(1745,'10.16.69.221','101.1.7.221','None','None','None',2,15),(1746,'10.16.69.222','101.1.7.222','None','None','None',2,15),(1747,'10.16.69.223','101.1.7.223','None','None','None',2,15),(1748,'10.16.69.224','101.1.7.224','None','None','None',2,15),(1749,'10.16.69.225','101.1.7.225','None','None','None',2,15),(1750,'10.16.69.226','101.1.7.226','None','None','None',2,15),(1751,'10.16.69.227','101.1.7.227','None','None','None',2,15),(1752,'10.16.69.228','101.1.7.228','None','None','None',2,15),(1753,'10.16.69.229','101.1.7.229','None','None','None',2,15),(1754,'10.16.69.230','101.1.7.230','None','None','None',2,15),(1755,'10.16.69.231','101.1.7.231','None','None','None',2,15),(1756,'10.16.69.232','101.1.7.232','None','None','None',2,15),(1757,'10.16.69.233','101.1.7.233','None','None','None',2,15),(1758,'10.16.69.234','101.1.7.234','None','None','None',2,15),(1759,'10.16.69.235','101.1.7.235','None','None','None',2,15),(1760,'10.16.69.236','101.1.7.236','None','None','None',2,15),(1761,'10.16.69.237','101.1.7.237','None','None','None',2,15),(1762,'10.16.69.238','101.1.7.238','None','None','None',2,15),(1763,'10.16.69.239','101.1.7.239','None','None','None',2,15),(1764,'10.16.69.240','101.1.7.240','None','None','None',2,15),(1765,'10.16.69.241','101.1.7.241','None','None','None',2,15),(1766,'10.16.69.242','101.1.7.242','None','None','None',2,15),(1767,'10.16.69.243','101.1.7.243','None','None','None',2,15),(1768,'10.16.69.244','101.1.7.244','None','None','None',2,15),(1769,'10.16.69.245','101.1.7.245','None','None','None',2,15),(1770,'10.16.69.246','101.1.7.246','None','None','None',2,15),(1771,'10.16.69.247','101.1.7.247','None','None','None',2,15),(1772,'10.16.69.248','101.1.7.248','None','None','None',2,15),(1773,'10.16.69.249','101.1.7.249','None','None','None',2,15),(1774,'10.16.69.250','101.1.7.250','None','None','None',2,15),(1775,'10.16.69.251','101.1.7.251','None','None','None',2,15),(1776,'10.16.69.252','101.1.7.252','None','None','None',2,15),(1777,'10.16.69.253','101.1.7.253','None','None','None',2,15),(1778,'10.16.69.254','101.1.7.254','None','None','None',2,15),(1779,'10.16.74.1','101.1.2.1','None','None','None',2,16),(1780,'10.16.74.2','101.1.2.2','None','None','None',1,16),(1781,'10.16.74.3','101.1.2.3','None','None','None',2,16),(1782,'10.16.74.4','101.1.2.4','None','None','None',2,16),(1783,'10.16.74.5','101.1.2.5','None','None','None',1,16),(1784,'10.16.74.6','101.1.2.6','None','None','None',2,16),(1785,'10.16.74.7','101.1.2.7','None','None','None',2,16),(1786,'10.16.74.8','101.1.2.8','None','None','None',2,16),(1787,'10.16.74.9','101.1.2.9','None','None','None',2,16),(1788,'10.16.74.10','101.1.2.10','None','None','None',2,16),(1789,'10.16.74.11','101.1.2.11','None','None','None',2,16),(1790,'10.16.74.12','101.1.2.12','None','None','None',2,16),(1791,'10.16.74.13','101.1.2.13','None','None','None',2,16),(1792,'10.16.74.14','101.1.2.14','None','None','None',2,16),(1793,'10.16.74.15','101.1.2.15','None','None','None',2,16),(1794,'10.16.74.16','101.1.2.16','None','None','None',2,16),(1795,'10.16.74.17','101.1.2.17','None','None','None',2,16),(1796,'10.16.74.18','101.1.2.18','None','None','None',2,16),(1797,'10.16.74.19','101.1.2.19','None','None','None',2,16),(1798,'10.16.74.20','101.1.2.20','None','None','None',2,16),(1799,'10.16.74.21','101.1.2.21','None','None','None',2,16),(1800,'10.16.74.22','101.1.2.22','None','None','None',2,16),(1801,'10.16.74.23','101.1.2.23','None','None','None',2,16),(1802,'10.16.74.24','101.1.2.24','None','None','None',2,16),(1803,'10.16.74.25','101.1.2.25','None','None','None',2,16),(1804,'10.16.74.26','101.1.2.26','None','None','None',2,16),(1805,'10.16.74.27','101.1.2.27','None','None','None',2,16),(1806,'10.16.74.28','101.1.2.28','None','None','None',2,16),(1807,'10.16.74.29','101.1.2.29','None','None','None',2,16),(1808,'10.16.74.30','101.1.2.30','None','None','None',2,16),(1809,'10.16.74.31','101.1.2.31','None','None','None',2,16),(1810,'10.16.74.32','101.1.2.32','None','None','None',2,16),(1811,'10.16.74.33','101.1.2.33','None','None','None',2,16),(1812,'10.16.74.34','101.1.2.34','None','None','None',2,16),(1813,'10.16.74.35','101.1.2.35','None','None','None',2,16),(1814,'10.16.74.36','101.1.2.36','None','None','None',2,16),(1815,'10.16.74.37','101.1.2.37','None','None','None',2,16),(1816,'10.16.74.38','101.1.2.38','None','None','None',2,16),(1817,'10.16.74.39','101.1.2.39','None','None','None',2,16),(1818,'10.16.74.40','101.1.2.40','None','None','None',2,16),(1819,'10.16.74.41','101.1.2.41','None','None','None',2,16),(1820,'10.16.74.42','101.1.2.42','None','None','None',2,16),(1821,'10.16.74.43','101.1.2.43','None','None','None',2,16),(1822,'10.16.74.44','101.1.2.44','None','None','None',2,16),(1823,'10.16.74.45','101.1.2.45','None','None','None',2,16),(1824,'10.16.74.46','101.1.2.46','None','None','None',2,16),(1825,'10.16.74.47','101.1.2.47','None','None','None',2,16),(1826,'10.16.74.48','101.1.2.48','None','None','None',2,16),(1827,'10.16.74.49','101.1.2.49','None','None','None',2,16),(1828,'10.16.74.50','101.1.2.50','None','None','None',2,16),(1829,'10.16.74.51','101.1.2.51','None','None','None',2,16),(1830,'10.16.74.52','101.1.2.52','None','None','None',2,16),(1831,'10.16.74.53','101.1.2.53','None','None','None',2,16),(1832,'10.16.74.54','101.1.2.54','None','None','None',2,16),(1833,'10.16.74.55','101.1.2.55','None','None','None',2,16),(1834,'10.16.74.56','101.1.2.56','None','None','None',2,16),(1835,'10.16.74.57','101.1.2.57','None','None','None',2,16),(1836,'10.16.74.58','101.1.2.58','None','None','None',2,16),(1837,'10.16.74.59','101.1.2.59','None','None','None',2,16),(1838,'10.16.74.60','101.1.2.60','None','None','None',2,16),(1839,'10.16.74.61','101.1.2.61','None','None','None',2,16),(1840,'10.16.74.62','101.1.2.62','None','None','None',2,16),(1841,'10.16.74.63','101.1.2.63','None','None','None',2,16),(1842,'10.16.74.64','101.1.2.64','None','None','None',2,16),(1843,'10.16.74.65','101.1.2.65','None','None','None',2,16),(1844,'10.16.74.66','101.1.2.66','None','None','None',2,16),(1845,'10.16.74.67','101.1.2.67','None','None','None',2,16),(1846,'10.16.74.68','101.1.2.68','None','None','None',2,16),(1847,'10.16.74.69','101.1.2.69','None','None','None',2,16),(1848,'10.16.74.70','101.1.2.70','None','None','None',2,16),(1849,'10.16.74.71','101.1.2.71','None','None','None',2,16),(1850,'10.16.74.72','101.1.2.72','None','None','None',2,16),(1851,'10.16.74.73','101.1.2.73','None','None','None',2,16),(1852,'10.16.74.74','101.1.2.74','None','None','None',2,16),(1853,'10.16.74.75','101.1.2.75','None','None','None',2,16),(1854,'10.16.74.76','101.1.2.76','None','None','None',2,16),(1855,'10.16.74.77','101.1.2.77','None','None','None',2,16),(1856,'10.16.74.78','101.1.2.78','None','None','None',2,16),(1857,'10.16.74.79','101.1.2.79','None','None','None',2,16),(1858,'10.16.74.80','101.1.2.80','None','None','None',2,16),(1859,'10.16.74.81','101.1.2.81','None','None','None',2,16),(1860,'10.16.74.82','101.1.2.82','None','None','None',2,16),(1861,'10.16.74.83','101.1.2.83','None','None','None',2,16),(1862,'10.16.74.84','101.1.2.84','None','None','None',2,16),(1863,'10.16.74.85','101.1.2.85','None','None','None',2,16),(1864,'10.16.74.86','101.1.2.86','None','None','None',2,16),(1865,'10.16.74.87','101.1.2.87','None','None','None',2,16),(1866,'10.16.74.88','101.1.2.88','None','None','None',2,16),(1867,'10.16.74.89','101.1.2.89','None','None','None',2,16),(1868,'10.16.74.90','101.1.2.90','None','None','None',2,16),(1869,'10.16.74.91','101.1.2.91','None','None','None',2,16),(1870,'10.16.74.92','101.1.2.92','None','None','None',2,16),(1871,'10.16.74.93','101.1.2.93','None','None','None',2,16),(1872,'10.16.74.94','101.1.2.94','None','None','None',2,16),(1873,'10.16.74.95','101.1.2.95','None','None','None',2,16),(1874,'10.16.74.96','101.1.2.96','None','None','None',2,16),(1875,'10.16.74.97','101.1.2.97','None','None','None',2,16),(1876,'10.16.74.98','101.1.2.98','None','None','None',2,16),(1877,'10.16.74.99','101.1.2.99','None','None','None',2,16),(1878,'10.16.74.100','101.1.2.100','None','None','None',2,16),(1879,'10.16.74.101','101.1.2.101','None','None','None',2,16),(1880,'10.16.74.102','101.1.2.102','None','None','None',2,16),(1881,'10.16.74.103','101.1.2.103','None','None','None',2,16),(1882,'10.16.74.104','101.1.2.104','None','None','None',2,16),(1883,'10.16.74.105','101.1.2.105','None','None','None',2,16),(1884,'10.16.74.106','101.1.2.106','None','None','None',2,16),(1885,'10.16.74.107','101.1.2.107','None','None','None',2,16),(1886,'10.16.74.108','101.1.2.108','None','None','None',2,16),(1887,'10.16.74.109','101.1.2.109','None','None','None',2,16),(1888,'10.16.74.110','101.1.2.110','None','None','None',2,16),(1889,'10.16.74.111','101.1.2.111','None','None','None',2,16),(1890,'10.16.74.112','101.1.2.112','None','None','None',2,16),(1891,'10.16.74.113','101.1.2.113','None','None','None',2,16),(1892,'10.16.74.114','101.1.2.114','None','None','None',2,16),(1893,'10.16.74.115','101.1.2.115','None','None','None',2,16),(1894,'10.16.74.116','101.1.2.116','None','None','None',2,16),(1895,'10.16.74.117','101.1.2.117','None','None','None',2,16),(1896,'10.16.74.118','101.1.2.118','None','None','None',2,16),(1897,'10.16.74.119','101.1.2.119','None','None','None',2,16),(1898,'10.16.74.120','101.1.2.120','None','None','None',2,16),(1899,'10.16.74.121','101.1.2.121','None','None','None',2,16),(1900,'10.16.74.122','101.1.2.122','None','None','None',2,16),(1901,'10.16.74.123','101.1.2.123','None','None','None',2,16),(1902,'10.16.74.124','101.1.2.124','None','None','None',2,16),(1903,'10.16.74.125','101.1.2.125','None','None','None',2,16),(1904,'10.16.74.126','101.1.2.126','None','None','None',2,16),(1905,'10.16.74.127','101.1.2.127','None','None','None',2,16),(1906,'10.16.74.128','101.1.2.128','None','None','None',2,16),(1907,'10.16.74.129','101.1.2.129','None','None','None',2,16),(1908,'10.16.74.130','101.1.2.130','None','None','None',2,16),(1909,'10.16.74.131','101.1.2.131','None','None','None',2,16),(1910,'10.16.74.132','101.1.2.132','None','None','None',2,16),(1911,'10.16.74.133','101.1.2.133','None','None','None',2,16),(1912,'10.16.74.134','101.1.2.134','None','None','None',2,16),(1913,'10.16.74.135','101.1.2.135','None','None','None',2,16),(1914,'10.16.74.136','101.1.2.136','None','None','None',2,16),(1915,'10.16.74.137','101.1.2.137','None','None','None',2,16),(1916,'10.16.74.138','101.1.2.138','None','None','None',2,16),(1917,'10.16.74.139','101.1.2.139','None','None','None',2,16),(1918,'10.16.74.140','101.1.2.140','None','None','None',2,16),(1919,'10.16.74.141','101.1.2.141','None','None','None',2,16),(1920,'10.16.74.142','101.1.2.142','None','None','None',2,16),(1921,'10.16.74.143','101.1.2.143','None','None','None',2,16),(1922,'10.16.74.144','101.1.2.144','None','None','None',2,16),(1923,'10.16.74.145','101.1.2.145','None','None','None',2,16),(1924,'10.16.74.146','101.1.2.146','None','None','None',2,16),(1925,'10.16.74.147','101.1.2.147','None','None','None',2,16),(1926,'10.16.74.148','101.1.2.148','None','None','None',2,16),(1927,'10.16.74.149','101.1.2.149','None','None','None',2,16),(1928,'10.16.74.150','101.1.2.150','None','None','None',2,16),(1929,'10.16.74.151','101.1.2.151','None','None','None',2,16),(1930,'10.16.74.152','101.1.2.152','None','None','None',2,16),(1931,'10.16.74.153','101.1.2.153','None','None','None',2,16),(1932,'10.16.74.154','101.1.2.154','None','None','None',2,16),(1933,'10.16.74.155','101.1.2.155','None','None','None',2,16),(1934,'10.16.74.156','101.1.2.156','None','None','None',2,16),(1935,'10.16.74.157','101.1.2.157','None','None','None',2,16),(1936,'10.16.74.158','101.1.2.158','None','None','None',2,16),(1937,'10.16.74.159','101.1.2.159','None','None','None',2,16),(1938,'10.16.74.160','101.1.2.160','None','None','None',2,16),(1939,'10.16.74.161','101.1.2.161','None','None','None',2,16),(1940,'10.16.74.162','101.1.2.162','None','None','None',2,16),(1941,'10.16.74.163','101.1.2.163','None','None','None',2,16),(1942,'10.16.74.164','101.1.2.164','None','None','None',2,16),(1943,'10.16.74.165','101.1.2.165','None','None','None',2,16),(1944,'10.16.74.166','101.1.2.166','None','None','None',2,16),(1945,'10.16.74.167','101.1.2.167','None','None','None',2,16),(1946,'10.16.74.168','101.1.2.168','None','None','None',2,16),(1947,'10.16.74.169','101.1.2.169','None','None','None',2,16),(1948,'10.16.74.170','101.1.2.170','None','None','None',2,16),(1949,'10.16.74.171','101.1.2.171','None','None','None',2,16),(1950,'10.16.74.172','101.1.2.172','None','None','None',2,16),(1951,'10.16.74.173','101.1.2.173','None','None','None',2,16),(1952,'10.16.74.174','101.1.2.174','None','None','None',2,16),(1953,'10.16.74.175','101.1.2.175','None','None','None',2,16),(1954,'10.16.74.176','101.1.2.176','None','None','None',2,16),(1955,'10.16.74.177','101.1.2.177','None','None','None',2,16),(1956,'10.16.74.178','101.1.2.178','None','None','None',2,16),(1957,'10.16.74.179','101.1.2.179','None','None','None',2,16),(1958,'10.16.74.180','101.1.2.180','None','None','None',2,16),(1959,'10.16.74.181','101.1.2.181','None','None','None',2,16),(1960,'10.16.74.182','101.1.2.182','None','None','None',2,16),(1961,'10.16.74.183','101.1.2.183','None','None','None',2,16),(1962,'10.16.74.184','101.1.2.184','None','None','None',2,16),(1963,'10.16.74.185','101.1.2.185','None','None','None',2,16),(1964,'10.16.74.186','101.1.2.186','None','None','None',2,16),(1965,'10.16.74.187','101.1.2.187','None','None','None',2,16),(1966,'10.16.74.188','101.1.2.188','None','None','None',2,16),(1967,'10.16.74.189','101.1.2.189','None','None','None',2,16),(1968,'10.16.74.190','101.1.2.190','None','None','None',2,16),(1969,'10.16.74.191','101.1.2.191','None','None','None',2,16),(1970,'10.16.74.192','101.1.2.192','None','None','None',2,16),(1971,'10.16.74.193','101.1.2.193','None','None','None',2,16),(1972,'10.16.74.194','101.1.2.194','None','None','None',2,16),(1973,'10.16.74.195','101.1.2.195','None','None','None',2,16),(1974,'10.16.74.196','101.1.2.196','None','None','None',2,16),(1975,'10.16.74.197','101.1.2.197','None','None','None',2,16),(1976,'10.16.74.198','101.1.2.198','None','None','None',2,16),(1977,'10.16.74.199','101.1.2.199','None','None','None',2,16),(1978,'10.16.74.200','101.1.2.200','None','None','None',2,16),(1979,'10.16.74.201','101.1.2.201','None','None','None',2,16),(1980,'10.16.74.202','101.1.2.202','None','None','None',2,16),(1981,'10.16.74.203','101.1.2.203','None','None','None',2,16),(1982,'10.16.74.204','101.1.2.204','None','None','None',2,16),(1983,'10.16.74.205','101.1.2.205','None','None','None',2,16),(1984,'10.16.74.206','101.1.2.206','None','None','None',2,16),(1985,'10.16.74.207','101.1.2.207','None','None','None',2,16),(1986,'10.16.74.208','101.1.2.208','None','None','None',2,16),(1987,'10.16.74.209','101.1.2.209','None','None','None',2,16),(1988,'10.16.74.210','101.1.2.210','None','None','None',2,16),(1989,'10.16.74.211','101.1.2.211','None','None','None',2,16),(1990,'10.16.74.212','101.1.2.212','None','None','None',2,16),(1991,'10.16.74.213','101.1.2.213','None','None','None',2,16),(1992,'10.16.74.214','101.1.2.214','None','None','None',2,16),(1993,'10.16.74.215','101.1.2.215','None','None','None',2,16),(1994,'10.16.74.216','101.1.2.216','None','None','None',2,16),(1995,'10.16.74.217','101.1.2.217','None','None','None',2,16),(1996,'10.16.74.218','101.1.2.218','None','None','None',2,16),(1997,'10.16.74.219','101.1.2.219','None','None','None',2,16),(1998,'10.16.74.220','101.1.2.220','None','None','None',2,16),(1999,'10.16.74.221','101.1.2.221','None','None','None',2,16),(2000,'10.16.74.222','101.1.2.222','None','None','None',2,16),(2001,'10.16.74.223','101.1.2.223','None','None','None',2,16),(2002,'10.16.74.224','101.1.2.224','None','None','None',2,16),(2003,'10.16.74.225','101.1.2.225','None','None','None',2,16),(2004,'10.16.74.226','101.1.2.226','None','None','None',2,16),(2005,'10.16.74.227','101.1.2.227','None','None','None',2,16),(2006,'10.16.74.228','101.1.2.228','None','None','None',2,16),(2007,'10.16.74.229','101.1.2.229','None','None','None',2,16),(2008,'10.16.74.230','101.1.2.230','None','None','None',2,16),(2009,'10.16.74.231','101.1.2.231','None','None','None',2,16),(2010,'10.16.74.232','101.1.2.232','None','None','None',2,16),(2011,'10.16.74.233','101.1.2.233','None','None','None',2,16),(2012,'10.16.74.234','101.1.2.234','None','None','None',2,16),(2013,'10.16.74.235','101.1.2.235','None','None','None',2,16),(2014,'10.16.74.236','101.1.2.236','None','None','None',2,16),(2015,'10.16.74.237','101.1.2.237','None','None','None',2,16),(2016,'10.16.74.238','101.1.2.238','None','None','None',2,16),(2017,'10.16.74.239','101.1.2.239','None','None','None',2,16),(2018,'10.16.74.240','101.1.2.240','None','None','None',2,16),(2019,'10.16.74.241','101.1.2.241','None','None','None',2,16),(2020,'10.16.74.242','101.1.2.242','None','None','None',2,16),(2021,'10.16.74.243','101.1.2.243','None','None','None',2,16),(2022,'10.16.74.244','101.1.2.244','None','None','None',2,16),(2023,'10.16.74.245','101.1.2.245','None','None','None',2,16),(2024,'10.16.74.246','101.1.2.246','None','None','None',2,16),(2025,'10.16.74.247','101.1.2.247','None','None','None',2,16),(2026,'10.16.74.248','101.1.2.248','None','None','None',2,16),(2027,'10.16.74.249','101.1.2.249','None','None','None',2,16),(2028,'10.16.74.250','101.1.2.250','None','None','None',2,16),(2029,'10.16.74.251','101.1.2.251','None','None','None',2,16),(2030,'10.16.74.252','101.1.2.252','None','None','None',2,16),(2031,'10.16.74.253','101.1.2.253','None','None','None',2,16),(2032,'10.16.74.254','101.1.2.254','None','None','None',2,16),(2033,'10.16.66.1','101.1.9.1','None','None','None',1,17),(2034,'10.16.66.2','101.1.9.2','None','None','None',2,17),(2035,'10.16.66.3','101.1.9.3','None','None','None',2,17),(2036,'10.16.66.4','101.1.9.4','None','None','None',2,17),(2037,'10.16.66.5','101.1.9.5','None','None','None',2,17),(2038,'10.16.66.6','101.1.9.6','None','None','None',2,17),(2039,'10.16.66.7','101.1.9.7','None','None','None',2,17),(2040,'10.16.66.8','101.1.9.8','None','None','None',2,17),(2041,'10.16.66.9','101.1.9.9','None','None','None',2,17),(2042,'10.16.66.10','101.1.9.10','None','None','None',2,17),(2043,'10.16.66.11','101.1.9.11','None','None','None',2,17),(2044,'10.16.66.12','101.1.9.12','None','None','None',2,17),(2045,'10.16.66.13','101.1.9.13','None','None','None',2,17),(2046,'10.16.66.14','101.1.9.14','None','None','None',2,17),(2047,'10.16.66.15','101.1.9.15','None','None','None',2,17),(2048,'10.16.66.16','101.1.9.16','None','None','None',2,17),(2049,'10.16.66.17','101.1.9.17','None','None','None',2,17),(2050,'10.16.66.18','101.1.9.18','None','None','None',2,17),(2051,'10.16.66.19','101.1.9.19','None','None','None',2,17),(2052,'10.16.66.20','101.1.9.20','None','None','None',2,17),(2053,'10.16.66.21','101.1.9.21','None','None','None',2,17),(2054,'10.16.66.22','101.1.9.22','None','None','None',2,17),(2055,'10.16.66.23','101.1.9.23','None','None','None',2,17),(2056,'10.16.66.24','101.1.9.24','None','None','None',2,17),(2057,'10.16.66.25','101.1.9.25','None','None','None',2,17),(2058,'10.16.66.26','101.1.9.26','None','None','None',2,17),(2059,'10.16.66.27','101.1.9.27','None','None','None',2,17),(2060,'10.16.66.28','101.1.9.28','None','None','None',2,17),(2061,'10.16.66.29','101.1.9.29','None','None','None',2,17),(2062,'10.16.66.30','101.1.9.30','None','None','None',2,17),(2063,'10.16.66.31','101.1.9.31','None','None','None',2,17),(2064,'10.16.66.32','101.1.9.32','None','None','None',2,17),(2065,'10.16.66.33','101.1.9.33','None','None','None',2,17),(2066,'10.16.66.34','101.1.9.34','None','None','None',2,17),(2067,'10.16.66.35','101.1.9.35','None','None','None',2,17),(2068,'10.16.66.36','101.1.9.36','None','None','None',2,17),(2069,'10.16.66.37','101.1.9.37','None','None','None',2,17),(2070,'10.16.66.38','101.1.9.38','None','None','None',2,17),(2071,'10.16.66.39','101.1.9.39','None','None','None',2,17),(2072,'10.16.66.40','101.1.9.40','None','None','None',2,17),(2073,'10.16.66.41','101.1.9.41','None','None','None',2,17),(2074,'10.16.66.42','101.1.9.42','None','None','None',2,17),(2075,'10.16.66.43','101.1.9.43','None','None','None',2,17),(2076,'10.16.66.44','101.1.9.44','None','None','None',2,17),(2077,'10.16.66.45','101.1.9.45','None','None','None',2,17),(2078,'10.16.66.46','101.1.9.46','None','None','None',2,17),(2079,'10.16.66.47','101.1.9.47','None','None','None',2,17),(2080,'10.16.66.48','101.1.9.48','None','None','None',2,17),(2081,'10.16.66.49','101.1.9.49','None','None','None',2,17),(2082,'10.16.66.50','101.1.9.50','None','None','None',2,17),(2083,'10.16.66.51','101.1.9.51','None','None','None',2,17),(2084,'10.16.66.52','101.1.9.52','None','None','None',2,17),(2085,'10.16.66.53','101.1.9.53','None','None','None',2,17),(2086,'10.16.66.54','101.1.9.54','None','None','None',2,17),(2087,'10.16.66.55','101.1.9.55','None','None','None',2,17),(2088,'10.16.66.56','101.1.9.56','None','None','None',2,17),(2089,'10.16.66.57','101.1.9.57','None','None','None',2,17),(2090,'10.16.66.58','101.1.9.58','None','None','None',2,17),(2091,'10.16.66.59','101.1.9.59','None','None','None',2,17),(2092,'10.16.66.60','101.1.9.60','None','None','None',2,17),(2093,'10.16.66.61','101.1.9.61','None','None','None',2,17),(2094,'10.16.66.62','101.1.9.62','None','None','None',2,17),(2095,'10.16.66.63','101.1.9.63','None','None','None',2,17),(2096,'10.16.66.64','101.1.9.64','None','None','None',2,17),(2097,'10.16.66.65','101.1.9.65','None','None','None',2,17),(2098,'10.16.66.66','101.1.9.66','None','None','None',2,17),(2099,'10.16.66.67','101.1.9.67','None','None','None',2,17),(2100,'10.16.66.68','101.1.9.68','None','None','None',2,17),(2101,'10.16.66.69','101.1.9.69','None','None','None',2,17),(2102,'10.16.66.70','101.1.9.70','None','None','None',2,17),(2103,'10.16.66.71','101.1.9.71','None','None','None',2,17),(2104,'10.16.66.72','101.1.9.72','None','None','None',2,17),(2105,'10.16.66.73','101.1.9.73','None','None','None',2,17),(2106,'10.16.66.74','101.1.9.74','None','None','None',2,17),(2107,'10.16.66.75','101.1.9.75','None','None','None',2,17),(2108,'10.16.66.76','101.1.9.76','None','None','None',2,17),(2109,'10.16.66.77','101.1.9.77','None','None','None',2,17),(2110,'10.16.66.78','101.1.9.78','None','None','None',2,17),(2111,'10.16.66.79','101.1.9.79','None','None','None',2,17),(2112,'10.16.66.80','101.1.9.80','None','None','None',2,17),(2113,'10.16.66.81','101.1.9.81','None','None','None',2,17),(2114,'10.16.66.82','101.1.9.82','None','None','None',2,17),(2115,'10.16.66.83','101.1.9.83','None','None','None',2,17),(2116,'10.16.66.84','101.1.9.84','None','None','None',2,17),(2117,'10.16.66.85','101.1.9.85','None','None','None',2,17),(2118,'10.16.66.86','101.1.9.86','None','None','None',2,17),(2119,'10.16.66.87','101.1.9.87','None','None','None',2,17),(2120,'10.16.66.88','101.1.9.88','None','None','None',2,17),(2121,'10.16.66.89','101.1.9.89','None','None','None',2,17),(2122,'10.16.66.90','101.1.9.90','None','None','None',2,17),(2123,'10.16.66.91','101.1.9.91','None','None','None',2,17),(2124,'10.16.66.92','101.1.9.92','None','None','None',2,17),(2125,'10.16.66.93','101.1.9.93','None','None','None',2,17),(2126,'10.16.66.94','101.1.9.94','None','None','None',2,17),(2127,'10.16.66.95','101.1.9.95','None','None','None',2,17),(2128,'10.16.66.96','101.1.9.96','None','None','None',2,17),(2129,'10.16.66.97','101.1.9.97','None','None','None',2,17),(2130,'10.16.66.98','101.1.9.98','None','None','None',2,17),(2131,'10.16.66.99','101.1.9.99','None','None','None',2,17),(2132,'10.16.66.100','101.1.9.100','None','None','None',2,17),(2133,'10.16.66.101','101.1.9.101','None','None','None',2,17),(2134,'10.16.66.102','101.1.9.102','None','None','None',2,17),(2135,'10.16.66.103','101.1.9.103','None','None','None',2,17),(2136,'10.16.66.104','101.1.9.104','None','None','None',2,17),(2137,'10.16.66.105','101.1.9.105','None','None','None',2,17),(2138,'10.16.66.106','101.1.9.106','None','None','None',2,17),(2139,'10.16.66.107','101.1.9.107','None','None','None',2,17),(2140,'10.16.66.108','101.1.9.108','None','None','None',2,17),(2141,'10.16.66.109','101.1.9.109','None','None','None',2,17),(2142,'10.16.66.110','101.1.9.110','None','None','None',2,17),(2143,'10.16.66.111','101.1.9.111','None','None','None',2,17),(2144,'10.16.66.112','101.1.9.112','None','None','None',2,17),(2145,'10.16.66.113','101.1.9.113','None','None','None',2,17),(2146,'10.16.66.114','101.1.9.114','None','None','None',2,17),(2147,'10.16.66.115','101.1.9.115','None','None','None',2,17),(2148,'10.16.66.116','101.1.9.116','None','None','None',2,17),(2149,'10.16.66.117','101.1.9.117','None','None','None',2,17),(2150,'10.16.66.118','101.1.9.118','None','None','None',2,17),(2151,'10.16.66.119','101.1.9.119','None','None','None',2,17),(2152,'10.16.66.120','101.1.9.120','None','None','None',2,17),(2153,'10.16.66.121','101.1.9.121','None','None','None',2,17),(2154,'10.16.66.122','101.1.9.122','None','None','None',2,17),(2155,'10.16.66.123','101.1.9.123','None','None','None',2,17),(2156,'10.16.66.124','101.1.9.124','None','None','None',2,17),(2157,'10.16.66.125','101.1.9.125','None','None','None',2,17),(2158,'10.16.66.126','101.1.9.126','None','None','None',2,17),(2159,'10.16.66.127','101.1.9.127','None','None','None',2,17),(2160,'10.16.66.128','101.1.9.128','None','None','None',2,17),(2161,'10.16.66.129','101.1.9.129','None','None','None',2,17),(2162,'10.16.66.130','101.1.9.130','None','None','None',2,17),(2163,'10.16.66.131','101.1.9.131','None','None','None',2,17),(2164,'10.16.66.132','101.1.9.132','None','None','None',2,17),(2165,'10.16.66.133','101.1.9.133','None','None','None',2,17),(2166,'10.16.66.134','101.1.9.134','None','None','None',2,17),(2167,'10.16.66.135','101.1.9.135','None','None','None',2,17),(2168,'10.16.66.136','101.1.9.136','None','None','None',2,17),(2169,'10.16.66.137','101.1.9.137','None','None','None',2,17),(2170,'10.16.66.138','101.1.9.138','None','None','None',2,17),(2171,'10.16.66.139','101.1.9.139','None','None','None',2,17),(2172,'10.16.66.140','101.1.9.140','None','None','None',2,17),(2173,'10.16.66.141','101.1.9.141','None','None','None',2,17),(2174,'10.16.66.142','101.1.9.142','None','None','None',2,17),(2175,'10.16.66.143','101.1.9.143','None','None','None',2,17),(2176,'10.16.66.144','101.1.9.144','None','None','None',2,17),(2177,'10.16.66.145','101.1.9.145','None','None','None',2,17),(2178,'10.16.66.146','101.1.9.146','None','None','None',2,17),(2179,'10.16.66.147','101.1.9.147','None','None','None',2,17),(2180,'10.16.66.148','101.1.9.148','None','None','None',2,17),(2181,'10.16.66.149','101.1.9.149','None','None','None',2,17),(2182,'10.16.66.150','101.1.9.150','None','None','None',2,17),(2183,'10.16.66.151','101.1.9.151','None','None','None',2,17),(2184,'10.16.66.152','101.1.9.152','None','None','None',2,17),(2185,'10.16.66.153','101.1.9.153','None','None','None',2,17),(2186,'10.16.66.154','101.1.9.154','None','None','None',2,17),(2187,'10.16.66.155','101.1.9.155','None','None','None',2,17),(2188,'10.16.66.156','101.1.9.156','None','None','None',2,17),(2189,'10.16.66.157','101.1.9.157','None','None','None',2,17),(2190,'10.16.66.158','101.1.9.158','None','None','None',2,17),(2191,'10.16.66.159','101.1.9.159','None','None','None',2,17),(2192,'10.16.66.160','101.1.9.160','None','None','None',2,17),(2193,'10.16.66.161','101.1.9.161','None','None','None',2,17),(2194,'10.16.66.162','101.1.9.162','None','None','None',2,17),(2195,'10.16.66.163','101.1.9.163','None','None','None',2,17),(2196,'10.16.66.164','101.1.9.164','None','None','None',2,17),(2197,'10.16.66.165','101.1.9.165','None','None','None',2,17),(2198,'10.16.66.166','101.1.9.166','None','None','None',2,17),(2199,'10.16.66.167','101.1.9.167','None','None','None',2,17),(2200,'10.16.66.168','101.1.9.168','None','None','None',2,17),(2201,'10.16.66.169','101.1.9.169','None','None','None',2,17),(2202,'10.16.66.170','101.1.9.170','None','None','None',2,17),(2203,'10.16.66.171','101.1.9.171','None','None','None',2,17),(2204,'10.16.66.172','101.1.9.172','None','None','None',2,17),(2205,'10.16.66.173','101.1.9.173','None','None','None',2,17),(2206,'10.16.66.174','101.1.9.174','None','None','None',2,17),(2207,'10.16.66.175','101.1.9.175','None','None','None',2,17),(2208,'10.16.66.176','101.1.9.176','None','None','None',2,17),(2209,'10.16.66.177','101.1.9.177','None','None','None',2,17),(2210,'10.16.66.178','101.1.9.178','None','None','None',2,17),(2211,'10.16.66.179','101.1.9.179','None','None','None',2,17),(2212,'10.16.66.180','101.1.9.180','None','None','None',2,17),(2213,'10.16.66.181','101.1.9.181','None','None','None',2,17),(2214,'10.16.66.182','101.1.9.182','None','None','None',2,17),(2215,'10.16.66.183','101.1.9.183','None','None','None',2,17),(2216,'10.16.66.184','101.1.9.184','None','None','None',2,17),(2217,'10.16.66.185','101.1.9.185','None','None','None',2,17),(2218,'10.16.66.186','101.1.9.186','None','None','None',2,17),(2219,'10.16.66.187','101.1.9.187','None','None','None',2,17),(2220,'10.16.66.188','101.1.9.188','None','None','None',2,17),(2221,'10.16.66.189','101.1.9.189','None','None','None',2,17),(2222,'10.16.66.190','101.1.9.190','None','None','None',2,17),(2223,'10.16.66.191','101.1.9.191','None','None','None',2,17),(2224,'10.16.66.192','101.1.9.192','None','None','None',2,17),(2225,'10.16.66.193','101.1.9.193','None','None','None',2,17),(2226,'10.16.66.194','101.1.9.194','None','None','None',2,17),(2227,'10.16.66.195','101.1.9.195','None','None','None',2,17),(2228,'10.16.66.196','101.1.9.196','None','None','None',2,17),(2229,'10.16.66.197','101.1.9.197','None','None','None',2,17),(2230,'10.16.66.198','101.1.9.198','None','None','None',2,17),(2231,'10.16.66.199','101.1.9.199','None','None','None',2,17),(2232,'10.16.66.200','101.1.9.200','None','None','None',2,17),(2233,'10.16.66.201','101.1.9.201','None','None','None',2,17),(2234,'10.16.66.202','101.1.9.202','None','None','None',2,17),(2235,'10.16.66.203','101.1.9.203','None','None','None',2,17),(2236,'10.16.66.204','101.1.9.204','None','None','None',2,17),(2237,'10.16.66.205','101.1.9.205','None','None','None',2,17),(2238,'10.16.66.206','101.1.9.206','None','None','None',2,17),(2239,'10.16.66.207','101.1.9.207','None','None','None',2,17),(2240,'10.16.66.208','101.1.9.208','None','None','None',2,17),(2241,'10.16.66.209','101.1.9.209','None','None','None',2,17),(2242,'10.16.66.210','101.1.9.210','None','None','None',2,17),(2243,'10.16.66.211','101.1.9.211','None','None','None',2,17),(2244,'10.16.66.212','101.1.9.212','None','None','None',2,17),(2245,'10.16.66.213','101.1.9.213','None','None','None',2,17),(2246,'10.16.66.214','101.1.9.214','None','None','None',2,17),(2247,'10.16.66.215','101.1.9.215','None','None','None',2,17),(2248,'10.16.66.216','101.1.9.216','None','None','None',2,17),(2249,'10.16.66.217','101.1.9.217','None','None','None',2,17),(2250,'10.16.66.218','101.1.9.218','None','None','None',2,17),(2251,'10.16.66.219','101.1.9.219','None','None','None',2,17),(2252,'10.16.66.220','101.1.9.220','None','None','None',2,17),(2253,'10.16.66.221','101.1.9.221','None','None','None',2,17),(2254,'10.16.66.222','101.1.9.222','None','None','None',2,17),(2255,'10.16.66.223','101.1.9.223','None','None','None',2,17),(2256,'10.16.66.224','101.1.9.224','None','None','None',2,17),(2257,'10.16.66.225','101.1.9.225','None','None','None',2,17),(2258,'10.16.66.226','101.1.9.226','None','None','None',2,17),(2259,'10.16.66.227','101.1.9.227','None','None','None',2,17),(2260,'10.16.66.228','101.1.9.228','None','None','None',2,17),(2261,'10.16.66.229','101.1.9.229','None','None','None',2,17),(2262,'10.16.66.230','101.1.9.230','None','None','None',2,17),(2263,'10.16.66.231','101.1.9.231','None','None','None',2,17),(2264,'10.16.66.232','101.1.9.232','None','None','None',2,17),(2265,'10.16.66.233','101.1.9.233','None','None','None',2,17),(2266,'10.16.66.234','101.1.9.234','None','None','None',2,17),(2267,'10.16.66.235','101.1.9.235','None','None','None',2,17),(2268,'10.16.66.236','101.1.9.236','None','None','None',2,17),(2269,'10.16.66.237','101.1.9.237','None','None','None',2,17),(2270,'10.16.66.238','101.1.9.238','None','None','None',2,17),(2271,'10.16.66.239','101.1.9.239','None','None','None',2,17),(2272,'10.16.66.240','101.1.9.240','None','None','None',2,17),(2273,'10.16.66.241','101.1.9.241','None','None','None',2,17),(2274,'10.16.66.242','101.1.9.242','None','None','None',2,17),(2275,'10.16.66.243','101.1.9.243','None','None','None',2,17),(2276,'10.16.66.244','101.1.9.244','None','None','None',2,17),(2277,'10.16.66.245','101.1.9.245','None','None','None',2,17),(2278,'10.16.66.246','101.1.9.246','None','None','None',2,17),(2279,'10.16.66.247','101.1.9.247','None','None','None',2,17),(2280,'10.16.66.248','101.1.9.248','None','None','None',2,17),(2281,'10.16.66.249','101.1.9.249','None','None','None',2,17),(2282,'10.16.66.250','101.1.9.250','None','None','None',2,17),(2283,'10.16.66.251','101.1.9.251','None','None','None',2,17),(2284,'10.16.66.252','101.1.9.252','None','None','None',2,17),(2285,'10.16.66.253','101.1.9.253','None','None','None',2,17),(2286,'10.16.66.254','101.1.9.254','None','None','None',2,17),(2287,'10.16.72.1','101.1.13.1','None','None','None',2,18),(2288,'10.16.72.2','101.1.13.2','None','None','None',2,18),(2289,'10.16.72.3','101.1.13.3','None','None','None',1,18),(2290,'10.16.72.4','101.1.13.4','None','None','None',2,18),(2291,'10.16.72.5','101.1.13.5','None','None','None',2,18),(2292,'10.16.72.6','101.1.13.6','None','None','None',2,18),(2293,'10.16.72.7','101.1.13.7','None','None','None',2,18),(2294,'10.16.72.8','101.1.13.8','None','None','None',2,18),(2295,'10.16.72.9','101.1.13.9','None','None','None',2,18),(2296,'10.16.72.10','101.1.13.10','None','None','None',2,18),(2297,'10.16.72.11','101.1.13.11','None','None','None',2,18),(2298,'10.16.72.12','101.1.13.12','None','None','None',2,18),(2299,'10.16.72.13','101.1.13.13','None','None','None',2,18),(2300,'10.16.72.14','101.1.13.14','None','None','None',1,18),(2301,'10.16.72.15','101.1.13.15','None','None','None',2,18),(2302,'10.16.72.16','101.1.13.16','None','None','None',2,18),(2303,'10.16.72.17','101.1.13.17','None','None','None',2,18),(2304,'10.16.72.18','101.1.13.18','None','None','None',2,18),(2305,'10.16.72.19','101.1.13.19','None','None','None',2,18),(2306,'10.16.72.20','101.1.13.20','None','None','None',2,18),(2307,'10.16.72.21','101.1.13.21','None','None','None',2,18),(2308,'10.16.72.22','101.1.13.22','None','None','None',2,18),(2309,'10.16.72.23','101.1.13.23','None','None','None',2,18),(2310,'10.16.72.24','101.1.13.24','None','None','None',2,18),(2311,'10.16.72.25','101.1.13.25','None','None','None',2,18),(2312,'10.16.72.26','101.1.13.26','None','None','None',2,18),(2313,'10.16.72.27','101.1.13.27','None','None','None',2,18),(2314,'10.16.72.28','101.1.13.28','None','None','None',2,18),(2315,'10.16.72.29','101.1.13.29','None','None','None',2,18),(2316,'10.16.72.30','101.1.13.30','None','None','None',2,18),(2317,'10.16.72.31','101.1.13.31','None','None','None',2,18),(2318,'10.16.72.32','101.1.13.32','None','None','None',2,18),(2319,'10.16.72.33','101.1.13.33','None','None','None',2,18),(2320,'10.16.72.34','101.1.13.34','None','None','None',2,18),(2321,'10.16.72.35','101.1.13.35','None','None','None',2,18),(2322,'10.16.72.36','101.1.13.36','None','None','None',2,18),(2323,'10.16.72.37','101.1.13.37','None','None','None',2,18),(2324,'10.16.72.38','101.1.13.38','None','None','None',2,18),(2325,'10.16.72.39','101.1.13.39','None','None','None',2,18),(2326,'10.16.72.40','101.1.13.40','None','None','None',2,18),(2327,'10.16.72.41','101.1.13.41','None','None','None',2,18),(2328,'10.16.72.42','101.1.13.42','None','None','None',2,18),(2329,'10.16.72.43','101.1.13.43','None','None','None',2,18),(2330,'10.16.72.44','101.1.13.44','None','None','None',2,18),(2331,'10.16.72.45','101.1.13.45','None','None','None',2,18),(2332,'10.16.72.46','101.1.13.46','None','None','None',2,18),(2333,'10.16.72.47','101.1.13.47','None','None','None',2,18),(2334,'10.16.72.48','101.1.13.48','None','None','None',2,18),(2335,'10.16.72.49','101.1.13.49','None','None','None',2,18),(2336,'10.16.72.50','101.1.13.50','None','None','None',2,18),(2337,'10.16.72.51','101.1.13.51','None','None','None',2,18),(2338,'10.16.72.52','101.1.13.52','None','None','None',2,18),(2339,'10.16.72.53','101.1.13.53','None','None','None',2,18),(2340,'10.16.72.54','101.1.13.54','None','None','None',2,18),(2341,'10.16.72.55','101.1.13.55','None','None','None',2,18),(2342,'10.16.72.56','101.1.13.56','None','None','None',2,18),(2343,'10.16.72.57','101.1.13.57','None','None','None',2,18),(2344,'10.16.72.58','101.1.13.58','None','None','None',2,18),(2345,'10.16.72.59','101.1.13.59','None','None','None',2,18),(2346,'10.16.72.60','101.1.13.60','None','None','None',2,18),(2347,'10.16.72.61','101.1.13.61','None','None','None',2,18),(2348,'10.16.72.62','101.1.13.62','None','None','None',2,18),(2349,'10.16.72.63','101.1.13.63','None','None','None',2,18),(2350,'10.16.72.64','101.1.13.64','None','None','None',2,18),(2351,'10.16.72.65','101.1.13.65','None','None','None',2,18),(2352,'10.16.72.66','101.1.13.66','None','None','None',2,18),(2353,'10.16.72.67','101.1.13.67','None','None','None',2,18),(2354,'10.16.72.68','101.1.13.68','None','None','None',2,18),(2355,'10.16.72.69','101.1.13.69','None','None','None',2,18),(2356,'10.16.72.70','101.1.13.70','None','None','None',2,18),(2357,'10.16.72.71','101.1.13.71','None','None','None',2,18),(2358,'10.16.72.72','101.1.13.72','None','None','None',2,18),(2359,'10.16.72.73','101.1.13.73','None','None','None',2,18),(2360,'10.16.72.74','101.1.13.74','None','None','None',2,18),(2361,'10.16.72.75','101.1.13.75','None','None','None',2,18),(2362,'10.16.72.76','101.1.13.76','None','None','None',2,18),(2363,'10.16.72.77','101.1.13.77','None','None','None',2,18),(2364,'10.16.72.78','101.1.13.78','None','None','None',2,18),(2365,'10.16.72.79','101.1.13.79','None','None','None',2,18),(2366,'10.16.72.80','101.1.13.80','None','None','None',2,18),(2367,'10.16.72.81','101.1.13.81','None','None','None',2,18),(2368,'10.16.72.82','101.1.13.82','None','None','None',2,18),(2369,'10.16.72.83','101.1.13.83','None','None','None',2,18),(2370,'10.16.72.84','101.1.13.84','None','None','None',2,18),(2371,'10.16.72.85','101.1.13.85','None','None','None',2,18),(2372,'10.16.72.86','101.1.13.86','None','None','None',2,18),(2373,'10.16.72.87','101.1.13.87','None','None','None',2,18),(2374,'10.16.72.88','101.1.13.88','None','None','None',2,18),(2375,'10.16.72.89','101.1.13.89','None','None','None',2,18),(2376,'10.16.72.90','101.1.13.90','None','None','None',2,18),(2377,'10.16.72.91','101.1.13.91','None','None','None',2,18),(2378,'10.16.72.92','101.1.13.92','None','None','None',2,18),(2379,'10.16.72.93','101.1.13.93','None','None','None',2,18),(2380,'10.16.72.94','101.1.13.94','None','None','None',2,18),(2381,'10.16.72.95','101.1.13.95','None','None','None',2,18),(2382,'10.16.72.96','101.1.13.96','None','None','None',2,18),(2383,'10.16.72.97','101.1.13.97','None','None','None',2,18),(2384,'10.16.72.98','101.1.13.98','None','None','None',2,18),(2385,'10.16.72.99','101.1.13.99','None','None','None',2,18),(2386,'10.16.72.100','101.1.13.100','None','None','None',2,18),(2387,'10.16.72.101','101.1.13.101','None','None','None',2,18),(2388,'10.16.72.102','101.1.13.102','None','None','None',2,18),(2389,'10.16.72.103','101.1.13.103','None','None','None',2,18),(2390,'10.16.72.104','101.1.13.104','None','None','None',2,18),(2391,'10.16.72.105','101.1.13.105','None','None','None',2,18),(2392,'10.16.72.106','101.1.13.106','None','None','None',2,18),(2393,'10.16.72.107','101.1.13.107','None','None','None',2,18),(2394,'10.16.72.108','101.1.13.108','None','None','None',2,18),(2395,'10.16.72.109','101.1.13.109','None','None','None',2,18),(2396,'10.16.72.110','101.1.13.110','None','None','None',2,18),(2397,'10.16.72.111','101.1.13.111','None','None','None',2,18),(2398,'10.16.72.112','101.1.13.112','None','None','None',2,18),(2399,'10.16.72.113','101.1.13.113','None','None','None',2,18),(2400,'10.16.72.114','101.1.13.114','None','None','None',2,18),(2401,'10.16.72.115','101.1.13.115','None','None','None',2,18),(2402,'10.16.72.116','101.1.13.116','None','None','None',2,18),(2403,'10.16.72.117','101.1.13.117','None','None','None',2,18),(2404,'10.16.72.118','101.1.13.118','None','None','None',2,18),(2405,'10.16.72.119','101.1.13.119','None','None','None',2,18),(2406,'10.16.72.120','101.1.13.120','None','None','None',2,18),(2407,'10.16.72.121','101.1.13.121','None','None','None',2,18),(2408,'10.16.72.122','101.1.13.122','None','None','None',2,18),(2409,'10.16.72.123','101.1.13.123','None','None','None',2,18),(2410,'10.16.72.124','101.1.13.124','None','None','None',2,18),(2411,'10.16.72.125','101.1.13.125','None','None','None',2,18),(2412,'10.16.72.126','101.1.13.126','None','None','None',2,18),(2413,'10.16.72.127','101.1.13.127','None','None','None',2,18),(2414,'10.16.72.128','101.1.13.128','None','None','None',2,18),(2415,'10.16.72.129','101.1.13.129','None','None','None',2,18),(2416,'10.16.72.130','101.1.13.130','None','None','None',2,18),(2417,'10.16.72.131','101.1.13.131','None','None','None',2,18),(2418,'10.16.72.132','101.1.13.132','None','None','None',2,18),(2419,'10.16.72.133','101.1.13.133','None','None','None',2,18),(2420,'10.16.72.134','101.1.13.134','None','None','None',2,18),(2421,'10.16.72.135','101.1.13.135','None','None','None',2,18),(2422,'10.16.72.136','101.1.13.136','None','None','None',2,18),(2423,'10.16.72.137','101.1.13.137','None','None','None',2,18),(2424,'10.16.72.138','101.1.13.138','None','None','None',2,18),(2425,'10.16.72.139','101.1.13.139','None','None','None',2,18),(2426,'10.16.72.140','101.1.13.140','None','None','None',2,18),(2427,'10.16.72.141','101.1.13.141','None','None','None',2,18),(2428,'10.16.72.142','101.1.13.142','None','None','None',2,18),(2429,'10.16.72.143','101.1.13.143','None','None','None',2,18),(2430,'10.16.72.144','101.1.13.144','None','None','None',2,18),(2431,'10.16.72.145','101.1.13.145','None','None','None',2,18),(2432,'10.16.72.146','101.1.13.146','None','None','None',2,18),(2433,'10.16.72.147','101.1.13.147','None','None','None',2,18),(2434,'10.16.72.148','101.1.13.148','None','None','None',2,18),(2435,'10.16.72.149','101.1.13.149','None','None','None',2,18),(2436,'10.16.72.150','101.1.13.150','None','None','None',2,18),(2437,'10.16.72.151','101.1.13.151','None','None','None',2,18),(2438,'10.16.72.152','101.1.13.152','None','None','None',2,18),(2439,'10.16.72.153','101.1.13.153','None','None','None',2,18),(2440,'10.16.72.154','101.1.13.154','None','None','None',2,18),(2441,'10.16.72.155','101.1.13.155','None','None','None',2,18),(2442,'10.16.72.156','101.1.13.156','None','None','None',2,18),(2443,'10.16.72.157','101.1.13.157','None','None','None',2,18),(2444,'10.16.72.158','101.1.13.158','None','None','None',2,18),(2445,'10.16.72.159','101.1.13.159','None','None','None',2,18),(2446,'10.16.72.160','101.1.13.160','None','None','None',2,18),(2447,'10.16.72.161','101.1.13.161','None','None','None',2,18),(2448,'10.16.72.162','101.1.13.162','None','None','None',2,18),(2449,'10.16.72.163','101.1.13.163','None','None','None',2,18),(2450,'10.16.72.164','101.1.13.164','None','None','None',2,18),(2451,'10.16.72.165','101.1.13.165','None','None','None',2,18),(2452,'10.16.72.166','101.1.13.166','None','None','None',2,18),(2453,'10.16.72.167','101.1.13.167','None','None','None',2,18),(2454,'10.16.72.168','101.1.13.168','None','None','None',2,18),(2455,'10.16.72.169','101.1.13.169','None','None','None',2,18),(2456,'10.16.72.170','101.1.13.170','None','None','None',2,18),(2457,'10.16.72.171','101.1.13.171','None','None','None',2,18),(2458,'10.16.72.172','101.1.13.172','None','None','None',2,18),(2459,'10.16.72.173','101.1.13.173','None','None','None',2,18),(2460,'10.16.72.174','101.1.13.174','None','None','None',2,18),(2461,'10.16.72.175','101.1.13.175','None','None','None',2,18),(2462,'10.16.72.176','101.1.13.176','None','None','None',2,18),(2463,'10.16.72.177','101.1.13.177','None','None','None',2,18),(2464,'10.16.72.178','101.1.13.178','None','None','None',2,18),(2465,'10.16.72.179','101.1.13.179','None','None','None',2,18),(2466,'10.16.72.180','101.1.13.180','None','None','None',2,18),(2467,'10.16.72.181','101.1.13.181','None','None','None',2,18),(2468,'10.16.72.182','101.1.13.182','None','None','None',2,18),(2469,'10.16.72.183','101.1.13.183','None','None','None',2,18),(2470,'10.16.72.184','101.1.13.184','None','None','None',2,18),(2471,'10.16.72.185','101.1.13.185','None','None','None',2,18),(2472,'10.16.72.186','101.1.13.186','None','None','None',2,18),(2473,'10.16.72.187','101.1.13.187','None','None','None',2,18),(2474,'10.16.72.188','101.1.13.188','None','None','None',2,18),(2475,'10.16.72.189','101.1.13.189','None','None','None',2,18),(2476,'10.16.72.190','101.1.13.190','None','None','None',2,18),(2477,'10.16.72.191','101.1.13.191','None','None','None',2,18),(2478,'10.16.72.192','101.1.13.192','None','None','None',2,18),(2479,'10.16.72.193','101.1.13.193','None','None','None',2,18),(2480,'10.16.72.194','101.1.13.194','None','None','None',2,18),(2481,'10.16.72.195','101.1.13.195','None','None','None',2,18),(2482,'10.16.72.196','101.1.13.196','None','None','None',2,18),(2483,'10.16.72.197','101.1.13.197','None','None','None',2,18),(2484,'10.16.72.198','101.1.13.198','None','None','None',2,18),(2485,'10.16.72.199','101.1.13.199','None','None','None',2,18),(2486,'10.16.72.200','101.1.13.200','None','None','None',2,18),(2487,'10.16.72.201','101.1.13.201','None','None','None',2,18),(2488,'10.16.72.202','101.1.13.202','None','None','None',2,18),(2489,'10.16.72.203','101.1.13.203','None','None','None',2,18),(2490,'10.16.72.204','101.1.13.204','None','None','None',2,18),(2491,'10.16.72.205','101.1.13.205','None','None','None',2,18),(2492,'10.16.72.206','101.1.13.206','None','None','None',2,18),(2493,'10.16.72.207','101.1.13.207','None','None','None',2,18),(2494,'10.16.72.208','101.1.13.208','None','None','None',2,18),(2495,'10.16.72.209','101.1.13.209','None','None','None',2,18),(2496,'10.16.72.210','101.1.13.210','None','None','None',2,18),(2497,'10.16.72.211','101.1.13.211','None','None','None',2,18),(2498,'10.16.72.212','101.1.13.212','None','None','None',2,18),(2499,'10.16.72.213','101.1.13.213','None','None','None',2,18),(2500,'10.16.72.214','101.1.13.214','None','None','None',2,18),(2501,'10.16.72.215','101.1.13.215','None','None','None',2,18),(2502,'10.16.72.216','101.1.13.216','None','None','None',2,18),(2503,'10.16.72.217','101.1.13.217','None','None','None',2,18),(2504,'10.16.72.218','101.1.13.218','None','None','None',2,18),(2505,'10.16.72.219','101.1.13.219','None','None','None',2,18),(2506,'10.16.72.220','101.1.13.220','None','None','None',2,18),(2507,'10.16.72.221','101.1.13.221','None','None','None',2,18),(2508,'10.16.72.222','101.1.13.222','None','None','None',2,18),(2509,'10.16.72.223','101.1.13.223','None','None','None',2,18),(2510,'10.16.72.224','101.1.13.224','None','None','None',2,18),(2511,'10.16.72.225','101.1.13.225','None','None','None',2,18),(2512,'10.16.72.226','101.1.13.226','None','None','None',2,18),(2513,'10.16.72.227','101.1.13.227','None','None','None',2,18),(2514,'10.16.72.228','101.1.13.228','None','None','None',2,18),(2515,'10.16.72.229','101.1.13.229','None','None','None',2,18),(2516,'10.16.72.230','101.1.13.230','None','None','None',2,18),(2517,'10.16.72.231','101.1.13.231','None','None','None',2,18),(2518,'10.16.72.232','101.1.13.232','None','None','None',2,18),(2519,'10.16.72.233','101.1.13.233','None','None','None',2,18),(2520,'10.16.72.234','101.1.13.234','None','None','None',2,18),(2521,'10.16.72.235','101.1.13.235','None','None','None',2,18),(2522,'10.16.72.236','101.1.13.236','None','None','None',2,18),(2523,'10.16.72.237','101.1.13.237','None','None','None',2,18),(2524,'10.16.72.238','101.1.13.238','None','None','None',2,18),(2525,'10.16.72.239','101.1.13.239','None','None','None',2,18),(2526,'10.16.72.240','101.1.13.240','None','None','None',2,18),(2527,'10.16.72.241','101.1.13.241','None','None','None',2,18),(2528,'10.16.72.242','101.1.13.242','None','None','None',2,18),(2529,'10.16.72.243','101.1.13.243','None','None','None',2,18),(2530,'10.16.72.244','101.1.13.244','None','None','None',2,18),(2531,'10.16.72.245','101.1.13.245','None','None','None',2,18),(2532,'10.16.72.246','101.1.13.246','None','None','None',2,18),(2533,'10.16.72.247','101.1.13.247','None','None','None',2,18),(2534,'10.16.72.248','101.1.13.248','None','None','None',2,18),(2535,'10.16.72.249','101.1.13.249','None','None','None',2,18),(2536,'10.16.72.250','101.1.13.250','None','None','None',2,18),(2537,'10.16.72.251','101.1.13.251','None','None','None',2,18),(2538,'10.16.72.252','101.1.13.252','None','None','None',2,18),(2539,'10.16.72.253','101.1.13.253','None','None','None',2,18),(2540,'10.16.72.254','101.1.13.254','None','None','None',2,18),(2541,'10.16.67.1','101.1.8.1','None','None','None',2,19),(2542,'10.16.67.3','101.1.8.2','None','None','None',2,19),(2543,'10.16.67.3','101.1.8.3','None','None','None',2,19),(2544,'10.16.67.4','101.1.8.4','None','None','None',2,19),(2545,'10.16.67.5','101.1.8.5','None','None','None',2,19),(2546,'10.16.67.6','101.1.8.6','None','None','None',2,19),(2547,'10.16.67.7','101.1.8.7','None','None','None',2,19),(2548,'10.16.67.8','101.1.8.8','None','None','None',2,19),(2549,'10.16.67.9','101.1.8.9','None','None','None',2,19),(2550,'10.16.67.10','101.1.8.10','None','None','None',2,19),(2551,'10.16.67.11','101.1.8.11','None','None','None',2,19),(2552,'10.16.67.12','101.1.8.12','None','None','None',2,19),(2553,'10.16.67.13','101.1.8.13','None','None','None',2,19),(2554,'10.16.67.14','101.1.8.14','None','None','None',2,19),(2555,'10.16.67.15','101.1.8.15','None','None','None',2,19),(2556,'10.16.67.16','101.1.8.16','None','None','None',2,19),(2557,'10.16.67.17','101.1.8.17','None','None','None',2,19),(2558,'10.16.67.18','101.1.8.18','None','None','None',2,19),(2559,'10.16.67.19','101.1.8.19','None','None','None',2,19),(2560,'10.16.67.20','101.1.8.20','None','None','None',2,19),(2561,'10.16.67.21','101.1.8.21','None','None','None',2,19),(2562,'10.16.67.22','101.1.8.22','None','None','None',2,19),(2563,'10.16.67.23','101.1.8.23','None','None','None',2,19),(2564,'10.16.67.24','101.1.8.24','None','None','None',2,19),(2565,'10.16.67.25','101.1.8.25','None','None','None',2,19),(2566,'10.16.67.26','101.1.8.26','None','None','None',2,19),(2567,'10.16.67.27','101.1.8.27','None','None','None',2,19),(2568,'10.16.67.28','101.1.8.28','None','None','None',2,19),(2569,'10.16.67.29','101.1.8.29','None','None','None',2,19),(2570,'10.16.67.30','101.1.8.30','None','None','None',2,19),(2571,'10.16.67.31','101.1.8.31','None','None','None',2,19),(2572,'10.16.67.32','101.1.8.32','None','None','None',2,19),(2573,'10.16.67.33','101.1.8.33','None','None','None',2,19),(2574,'10.16.67.34','101.1.8.34','None','None','None',2,19),(2575,'10.16.67.35','101.1.8.35','None','None','None',2,19),(2576,'10.16.67.36','101.1.8.36','None','None','None',2,19),(2577,'10.16.67.37','101.1.8.37','None','None','None',2,19),(2578,'10.16.67.38','101.1.8.38','None','None','None',2,19),(2579,'10.16.67.39','101.1.8.39','None','None','None',2,19),(2580,'10.16.67.40','101.1.8.40','None','None','None',2,19),(2581,'10.16.67.41','101.1.8.41','None','None','None',2,19),(2582,'10.16.67.42','101.1.8.42','None','None','None',2,19),(2583,'10.16.67.43','101.1.8.43','None','None','None',2,19),(2584,'10.16.67.44','101.1.8.44','None','None','None',2,19),(2585,'10.16.67.45','101.1.8.45','None','None','None',2,19),(2586,'10.16.67.46','101.1.8.46','None','None','None',2,19),(2587,'10.16.67.47','101.1.8.47','None','None','None',2,19),(2588,'10.16.67.48','101.1.8.48','None','None','None',2,19),(2589,'10.16.67.49','101.1.8.49','None','None','None',2,19),(2590,'10.16.67.50','101.1.8.50','None','None','None',2,19),(2591,'10.16.67.51','101.1.8.51','None','None','None',2,19),(2592,'10.16.67.52','101.1.8.52','None','None','None',2,19),(2593,'10.16.67.53','101.1.8.53','None','None','None',2,19),(2594,'10.16.67.54','101.1.8.54','None','None','None',2,19),(2595,'10.16.67.55','101.1.8.55','None','None','None',2,19),(2596,'10.16.67.56','101.1.8.56','None','None','None',1,19),(2597,'10.16.67.57','101.1.8.57','None','None','None',2,19),(2598,'10.16.67.58','101.1.8.58','None','None','None',2,19),(2599,'10.16.67.59','101.1.8.59','None','None','None',2,19),(2600,'10.16.67.60','101.1.8.60','None','None','None',2,19),(2601,'10.16.67.61','101.1.8.61','None','None','None',2,19),(2602,'10.16.67.62','101.1.8.62','None','None','None',2,19),(2603,'10.16.67.63','101.1.8.63','None','None','None',2,19),(2604,'10.16.67.64','101.1.8.64','None','None','None',2,19),(2605,'10.16.67.65','101.1.8.65','None','None','None',2,19),(2606,'10.16.67.66','101.1.8.66','None','None','None',2,19),(2607,'10.16.67.67','101.1.8.67','None','None','None',2,19),(2608,'10.16.67.68','101.1.8.68','None','None','None',2,19),(2609,'10.16.67.69','101.1.8.69','None','None','None',2,19),(2610,'10.16.67.70','101.1.8.70','None','None','None',2,19),(2611,'10.16.67.71','101.1.8.71','None','None','None',2,19),(2612,'10.16.67.72','101.1.8.72','None','None','None',2,19),(2613,'10.16.67.73','101.1.8.73','None','None','None',2,19),(2614,'10.16.67.74','101.1.8.74','None','None','None',2,19),(2615,'10.16.67.75','101.1.8.75','None','None','None',2,19),(2616,'10.16.67.76','101.1.8.76','None','None','None',2,19),(2617,'10.16.67.77','101.1.8.77','None','None','None',2,19),(2618,'10.16.67.78','101.1.8.78','None','None','None',2,19),(2619,'10.16.67.79','101.1.8.79','None','None','None',2,19),(2620,'10.16.67.80','101.1.8.80','None','None','None',2,19),(2621,'10.16.67.81','101.1.8.81','None','None','None',2,19),(2622,'10.16.67.82','101.1.8.82','None','None','None',2,19),(2623,'10.16.67.83','101.1.8.83','None','None','None',2,19),(2624,'10.16.67.84','101.1.8.84','None','None','None',2,19),(2625,'10.16.67.85','101.1.8.85','None','None','None',2,19),(2626,'10.16.67.86','101.1.8.86','None','None','None',2,19),(2627,'10.16.67.87','101.1.8.87','None','None','None',2,19),(2628,'10.16.67.88','101.1.8.88','None','None','None',2,19),(2629,'10.16.67.89','101.1.8.89','None','None','None',2,19),(2630,'10.16.67.90','101.1.8.90','None','None','None',2,19),(2631,'10.16.67.91','101.1.8.91','None','None','None',2,19),(2632,'10.16.67.92','101.1.8.92','None','None','None',2,19),(2633,'10.16.67.93','101.1.8.93','None','None','None',2,19),(2634,'10.16.67.94','101.1.8.94','None','None','None',2,19),(2635,'10.16.67.95','101.1.8.95','None','None','None',2,19),(2636,'10.16.67.96','101.1.8.96','None','None','None',2,19),(2637,'10.16.67.97','101.1.8.97','None','None','None',2,19),(2638,'10.16.67.98','101.1.8.98','None','None','None',2,19),(2639,'10.16.67.99','101.1.8.99','None','None','None',2,19),(2640,'10.16.67.100','101.1.8.100','None','None','None',2,19),(2641,'10.16.67.101','101.1.8.101','None','None','None',2,19),(2642,'10.16.67.102','101.1.8.102','None','None','None',2,19),(2643,'10.16.67.103','101.1.8.103','None','None','None',2,19),(2644,'10.16.67.104','101.1.8.104','None','None','None',2,19),(2645,'10.16.67.105','101.1.8.105','None','None','None',2,19),(2646,'10.16.67.106','101.1.8.106','None','None','None',2,19),(2647,'10.16.67.107','101.1.8.107','None','None','None',2,19),(2648,'10.16.67.108','101.1.8.108','None','None','None',2,19),(2649,'10.16.67.109','101.1.8.109','None','None','None',2,19),(2650,'10.16.67.110','101.1.8.110','None','None','None',2,19),(2651,'10.16.67.111','101.1.8.111','None','None','None',2,19),(2652,'10.16.67.112','101.1.8.112','None','None','None',2,19),(2653,'10.16.67.113','101.1.8.113','None','None','None',2,19),(2654,'10.16.67.114','101.1.8.114','None','None','None',2,19),(2655,'10.16.67.115','101.1.8.115','None','None','None',2,19),(2656,'10.16.67.116','101.1.8.116','None','None','None',2,19),(2657,'10.16.67.117','101.1.8.117','None','None','None',2,19),(2658,'10.16.67.118','101.1.8.118','None','None','None',2,19),(2659,'10.16.67.119','101.1.8.119','None','None','None',2,19),(2660,'10.16.67.120','101.1.8.120','None','None','None',2,19),(2661,'10.16.67.121','101.1.8.121','None','None','None',2,19),(2662,'10.16.67.122','101.1.8.122','None','None','None',2,19),(2663,'10.16.67.123','101.1.8.123','None','None','None',2,19),(2664,'10.16.67.124','101.1.8.124','None','None','None',2,19),(2665,'10.16.67.125','101.1.8.125','None','None','None',2,19),(2666,'10.16.67.126','101.1.8.126','None','None','None',2,19),(2667,'10.16.67.127','101.1.8.127','None','None','None',2,19),(2668,'10.16.67.128','101.1.8.128','None','None','None',2,19),(2669,'10.16.67.129','101.1.8.129','None','None','None',2,19),(2670,'10.16.67.130','101.1.8.130','None','None','None',2,19),(2671,'10.16.67.131','101.1.8.131','None','None','None',2,19),(2672,'10.16.67.132','101.1.8.132','None','None','None',2,19),(2673,'10.16.67.133','101.1.8.133','None','None','None',2,19),(2674,'10.16.67.134','101.1.8.134','None','None','None',2,19),(2675,'10.16.67.135','101.1.8.135','None','None','None',2,19),(2676,'10.16.67.136','101.1.8.136','None','None','None',2,19),(2677,'10.16.67.137','101.1.8.137','None','None','None',2,19),(2678,'10.16.67.138','101.1.8.138','None','None','None',2,19),(2679,'10.16.67.139','101.1.8.139','None','None','None',2,19),(2680,'10.16.67.140','101.1.8.140','None','None','None',2,19),(2681,'10.16.67.141','101.1.8.141','None','None','None',2,19),(2682,'10.16.67.142','101.1.8.142','None','None','None',2,19),(2683,'10.16.67.143','101.1.8.143','None','None','None',2,19),(2684,'10.16.67.144','101.1.8.144','None','None','None',2,19),(2685,'10.16.67.145','101.1.8.145','None','None','None',2,19),(2686,'10.16.67.146','101.1.8.146','None','None','None',2,19),(2687,'10.16.67.147','101.1.8.147','None','None','None',2,19),(2688,'10.16.67.148','101.1.8.148','None','None','None',2,19),(2689,'10.16.67.149','101.1.8.149','None','None','None',2,19),(2690,'10.16.67.150','101.1.8.150','None','None','None',2,19),(2691,'10.16.67.151','101.1.8.151','None','None','None',2,19),(2692,'10.16.67.152','101.1.8.152','None','None','None',2,19),(2693,'10.16.67.153','101.1.8.153','None','None','None',2,19),(2694,'10.16.67.154','101.1.8.154','None','None','None',2,19),(2695,'10.16.67.155','101.1.8.155','None','None','None',2,19),(2696,'10.16.67.156','101.1.8.156','None','None','None',2,19),(2697,'10.16.67.157','101.1.8.157','None','None','None',2,19),(2698,'10.16.67.158','101.1.8.158','None','None','None',2,19),(2699,'10.16.67.159','101.1.8.159','None','None','None',2,19),(2700,'10.16.67.160','101.1.8.160','None','None','None',2,19),(2701,'10.16.67.161','101.1.8.161','None','None','None',2,19),(2702,'10.16.67.162','101.1.8.162','None','None','None',2,19),(2703,'10.16.67.163','101.1.8.163','None','None','None',2,19),(2704,'10.16.67.164','101.1.8.164','None','None','None',2,19),(2705,'10.16.67.165','101.1.8.165','None','None','None',2,19),(2706,'10.16.67.166','101.1.8.166','None','None','None',2,19),(2707,'10.16.67.167','101.1.8.167','None','None','None',2,19),(2708,'10.16.67.168','101.1.8.168','None','None','None',2,19),(2709,'10.16.67.169','101.1.8.169','None','None','None',2,19),(2710,'10.16.67.170','101.1.8.170','None','None','None',2,19),(2711,'10.16.67.171','101.1.8.171','None','None','None',2,19),(2712,'10.16.67.172','101.1.8.172','None','None','None',2,19),(2713,'10.16.67.173','101.1.8.173','None','None','None',2,19),(2714,'10.16.67.174','101.1.8.174','None','None','None',2,19),(2715,'10.16.67.175','101.1.8.175','None','None','None',2,19),(2716,'10.16.67.176','101.1.8.176','None','None','None',2,19),(2717,'10.16.67.177','101.1.8.177','None','None','None',2,19),(2718,'10.16.67.178','101.1.8.178','None','None','None',2,19),(2719,'10.16.67.179','101.1.8.179','None','None','None',2,19),(2720,'10.16.67.180','101.1.8.180','None','None','None',2,19),(2721,'10.16.67.181','101.1.8.181','None','None','None',2,19),(2722,'10.16.67.182','101.1.8.182','None','None','None',2,19),(2723,'10.16.67.183','101.1.8.183','None','None','None',2,19),(2724,'10.16.67.184','101.1.8.184','None','None','None',2,19),(2725,'10.16.67.185','101.1.8.185','None','None','None',2,19),(2726,'10.16.67.186','101.1.8.186','None','None','None',2,19),(2727,'10.16.67.187','101.1.8.187','None','None','None',2,19),(2728,'10.16.67.188','101.1.8.188','None','None','None',2,19),(2729,'10.16.67.189','101.1.8.189','None','None','None',2,19),(2730,'10.16.67.190','101.1.8.190','None','None','None',2,19),(2731,'10.16.67.191','101.1.8.191','None','None','None',2,19),(2732,'10.16.67.192','101.1.8.192','None','None','None',2,19),(2733,'10.16.67.193','101.1.8.193','None','None','None',2,19),(2734,'10.16.67.194','101.1.8.194','None','None','None',2,19),(2735,'10.16.67.195','101.1.8.195','None','None','None',2,19),(2736,'10.16.67.196','101.1.8.196','None','None','None',2,19),(2737,'10.16.67.197','101.1.8.197','None','None','None',2,19),(2738,'10.16.67.198','101.1.8.198','None','None','None',2,19),(2739,'10.16.67.199','101.1.8.199','None','None','None',2,19),(2740,'10.16.67.200','101.1.8.200','None','None','None',2,19),(2741,'10.16.67.201','101.1.8.201','None','None','None',2,19),(2742,'10.16.67.202','101.1.8.202','None','None','None',2,19),(2743,'10.16.67.203','101.1.8.203','None','None','None',2,19),(2744,'10.16.67.204','101.1.8.204','None','None','None',2,19),(2745,'10.16.67.205','101.1.8.205','None','None','None',2,19),(2746,'10.16.67.206','101.1.8.206','None','None','None',2,19),(2747,'10.16.67.207','101.1.8.207','None','None','None',2,19),(2748,'10.16.67.208','101.1.8.208','None','None','None',2,19),(2749,'10.16.67.209','101.1.8.209','None','None','None',2,19),(2750,'10.16.67.210','101.1.8.210','None','None','None',2,19),(2751,'10.16.67.211','101.1.8.211','None','None','None',2,19),(2752,'10.16.67.212','101.1.8.212','None','None','None',2,19),(2753,'10.16.67.213','101.1.8.213','None','None','None',2,19),(2754,'10.16.67.214','101.1.8.214','None','None','None',2,19),(2755,'10.16.67.215','101.1.8.215','None','None','None',2,19),(2756,'10.16.67.216','101.1.8.216','None','None','None',2,19),(2757,'10.16.67.217','101.1.8.217','None','None','None',2,19),(2758,'10.16.67.218','101.1.8.218','None','None','None',2,19),(2759,'10.16.67.219','101.1.8.219','None','None','None',2,19),(2760,'10.16.67.220','101.1.8.220','None','None','None',2,19),(2761,'10.16.67.221','101.1.8.221','None','None','None',2,19),(2762,'10.16.67.222','101.1.8.222','None','None','None',2,19),(2763,'10.16.67.223','101.1.8.223','None','None','None',2,19),(2764,'10.16.67.224','101.1.8.224','None','None','None',2,19),(2765,'10.16.67.225','101.1.8.225','None','None','None',2,19),(2766,'10.16.67.226','101.1.8.226','None','None','None',2,19),(2767,'10.16.67.227','101.1.8.227','None','None','None',2,19),(2768,'10.16.67.228','101.1.8.228','None','None','None',2,19),(2769,'10.16.67.229','101.1.8.229','None','None','None',2,19),(2770,'10.16.67.230','101.1.8.230','None','None','None',2,19),(2771,'10.16.67.231','101.1.8.231','None','None','None',2,19),(2772,'10.16.67.232','101.1.8.232','None','None','None',2,19),(2773,'10.16.67.233','101.1.8.233','None','None','None',2,19),(2774,'10.16.67.234','101.1.8.234','None','None','None',2,19),(2775,'10.16.67.235','101.1.8.235','None','None','None',2,19),(2776,'10.16.67.236','101.1.8.236','None','None','None',2,19),(2777,'10.16.67.237','101.1.8.237','None','None','None',2,19),(2778,'10.16.67.238','101.1.8.238','None','None','None',2,19),(2779,'10.16.67.239','101.1.8.239','None','None','None',2,19),(2780,'10.16.67.240','101.1.8.240','None','None','None',2,19),(2781,'10.16.67.241','101.1.8.241','None','None','None',2,19),(2782,'10.16.67.242','101.1.8.242','None','None','None',2,19),(2783,'10.16.67.243','101.1.8.243','None','None','None',2,19),(2784,'10.16.67.244','101.1.8.244','None','None','None',2,19),(2785,'10.16.67.245','101.1.8.245','None','None','None',2,19),(2786,'10.16.67.246','101.1.8.246','None','None','None',2,19),(2787,'10.16.67.247','101.1.8.247','None','None','None',2,19),(2788,'10.16.67.248','101.1.8.248','None','None','None',2,19),(2789,'10.16.67.249','101.1.8.249','None','None','None',2,19),(2790,'10.16.67.250','101.1.8.250','None','None','None',2,19),(2791,'10.16.67.251','101.1.8.251','None','None','None',2,19),(2792,'10.16.67.252','101.1.8.252','None','None','None',2,19),(2793,'10.16.67.253','101.1.8.253','None','None','None',2,19),(2794,'10.16.67.254','101.1.8.254','None','None','None',2,19);
/*!40000 ALTER TABLE `IpAdress` ENABLE KEYS */;
UNLOCK TABLES;

--
-- Table structure for table `air300`
--

DROP TABLE IF EXISTS `air300`;
/*!40101 SET @saved_cs_client     = @@character_set_client */;
/*!40101 SET character_set_client = utf8 */;
CREATE TABLE `air300` (
  `ar_id` int(11) NOT NULL AUTO_INCREMENT,
  `ar_cid` varchar(45) NOT NULL,
  `ar_atm` varchar(45) NOT NULL,
  `ar_ip` varchar(45) NOT NULL,
  `ar_simais` varchar(45) NOT NULL,
  `ar_tnais` varchar(45) NOT NULL,
  `ar_simdtac` varchar(45) NOT NULL,
  `ar_tndtacl` varchar(45) NOT NULL,
  `ar_cs` int(11) DEFAULT '2',
  `ar_time` timestamp NOT NULL DEFAULT CURRENT_TIMESTAMP,
  PRIMARY KEY (`ar_id`),
  KEY `ar_cs` (`ar_cs`),
  CONSTRAINT `air300_ibfk_1` FOREIGN KEY (`ar_cs`) REFERENCES `configStatus` (`cs_id`)
) ENGINE=InnoDB AUTO_INCREMENT=4 DEFAULT CHARSET=utf8;
/*!40101 SET character_set_client = @saved_cs_client */;

--
-- Dumping data for table `air300`
--

LOCK TABLES `air300` WRITE;
/*!40000 ALTER TABLE `air300` DISABLE KEYS */;
INSERT INTO `air300` VALUES (1,'testCID','test ATM','test IP','test SIM AIS','test GT AIS','test DTAC','test GT',1,'2017-02-23 23:16:26'),(2,'52161','K28012','192.122.12.32','0928339201','hy2e2','082921101','ye2e2s',1,'2017-02-24 05:44:49'),(3,'3871','k2831','172.12.12.1','0926738828','yh23','0837422281','u3j3',2,'2017-02-24 06:05:30');
/*!40000 ALTER TABLE `air300` ENABLE KEYS */;
UNLOCK TABLES;

--
-- Table structure for table `ais_ip`
--

DROP TABLE IF EXISTS `ais_ip`;
/*!40101 SET @saved_cs_client     = @@character_set_client */;
/*!40101 SET character_set_client = utf8 */;
CREATE TABLE `ais_ip` (
  `ai_id` int(11) NOT NULL AUTO_INCREMENT,
  `ai_name` varchar(45) NOT NULL,
  `ai_ip` varchar(45) NOT NULL,
  `ai_date` varchar(45) NOT NULL,
  `ai_st` int(11) NOT NULL DEFAULT '2',
  `ai_comment` varchar(255) DEFAULT NULL,
  PRIMARY KEY (`ai_id`)
) ENGINE=InnoDB AUTO_INCREMENT=226 DEFAULT CHARSET=utf8;
/*!40101 SET character_set_client = @saved_cs_client */;

--
-- Dumping data for table `ais_ip`
--

LOCK TABLES `ais_ip` WRITE;
/*!40000 ALTER TABLE `ais_ip` DISABLE KEYS */;
INSERT INTO `ais_ip` VALUES (193,'AIS10.16.64.1','10.16.64.1','02/07/2017',2,'test Ais'),(194,'AIS10.16.65.1','10.16.65.1','02/07/2017',2,'test Ais'),(195,'AIS10.16.66.1','10.16.66.1','02/07/2017',1,'test Ais'),(196,'AIS10.16.67.1','10.16.67.1','02/07/2017',1,'test Ais'),(197,'AIS10.16.68.1','10.16.68.1','02/07/2017',2,'test Ais'),(198,'AIS10.16.69.1','10.16.69.1','02/07/2017',1,'test Ais'),(199,'AIS10.16.70.1','10.16.70.1','02/07/2017',2,'test Ais'),(200,'AIS10.16.71.1','10.16.71.1','02/07/2017',2,'test Ais'),(201,'AIS10.16.72.1','10.16.72.1','02/07/2017',1,'test Ais'),(202,'AIS10.16.73.1','10.16.73.1','02/07/2017',2,'test Ais'),(203,'AIS10.16.74.1','10.16.74.1','02/07/2017',1,'test Ais'),(204,'AIS10.16.75.1','10.16.75.1','02/07/2017',2,'test Ais'),(205,'AIS10.16.76.1','10.16.76.1','02/07/2017',2,'test Ais'),(206,'AIS10.16.77.1','10.16.77.1','02/07/2017',2,'test Ais'),(207,'AIS10.16.78.1','10.16.78.1','02/07/2017',2,'test Ais'),(208,'AIS10.16.79.1','10.16.79.1','02/07/2017',2,'test Ais'),(209,'AIS133.12.0.1','133.12.0.1','02/14/2017',2,'test AIs'),(210,'AIS133.12.1.1','133.12.1.1','02/14/2017',2,'test AIs'),(211,'AIS133.12.2.1','133.12.2.1','02/14/2017',2,'test AIs'),(212,'AIS133.12.3.1','133.12.3.1','02/14/2017',2,'test AIs'),(213,'AIS133.12.4.1','133.12.4.1','02/14/2017',2,'test AIs'),(214,'AIS133.12.5.1','133.12.5.1','02/14/2017',2,'test AIs'),(215,'AIS133.12.6.1','133.12.6.1','02/14/2017',2,'test AIs'),(216,'AIS133.12.7.1','133.12.7.1','02/14/2017',2,'test AIs'),(217,'AIS133.12.8.1','133.12.8.1','02/14/2017',2,'test AIs'),(218,'AIS133.12.9.1','133.12.9.1','02/14/2017',2,'test AIs'),(219,'AIS133.12.10.1','133.12.10.1','02/14/2017',2,'test AIs'),(220,'AIS133.12.11.1','133.12.11.1','02/14/2017',2,'test AIs'),(221,'AIS133.12.12.1','133.12.12.1','02/14/2017',2,'test AIs'),(222,'AIS133.12.13.1','133.12.13.1','02/14/2017',2,'test AIs'),(223,'AIS133.12.14.1','133.12.14.1','02/14/2017',2,'test AIs'),(224,'AIS133.12.15.1','133.12.15.1','02/14/2017',2,'test AIs'),(225,'AIS177.122.12.1','177.122.12.1','04/11/2017',2,'test');
/*!40000 ALTER TABLE `ais_ip` ENABLE KEYS */;
UNLOCK TABLES;

--
-- Table structure for table `cisco`
--

DROP TABLE IF EXISTS `cisco`;
/*!40101 SET @saved_cs_client     = @@character_set_client */;
/*!40101 SET character_set_client = utf8 */;
CREATE TABLE `cisco` (
  `ci_id` int(11) NOT NULL AUTO_INCREMENT,
  `ci_cid` varchar(45) NOT NULL,
  `ci_atm` varchar(45) NOT NULL,
  `ci_ip` varchar(45) NOT NULL,
  `ci_simais` varchar(45) NOT NULL,
  `ci_gtais` varchar(45) NOT NULL,
  `ci_simdtac` varchar(45) NOT NULL,
  `ci_gtdtac` varchar(45) NOT NULL,
  `ci_tid` varchar(45) NOT NULL,
  `ci_cs` int(11) DEFAULT '2',
  `ci_time` timestamp NOT NULL DEFAULT CURRENT_TIMESTAMP,
  PRIMARY KEY (`ci_id`),
  KEY `ci_cs` (`ci_cs`),
  CONSTRAINT `cisco_ibfk_1` FOREIGN KEY (`ci_cs`) REFERENCES `configStatus` (`cs_id`)
) ENGINE=InnoDB AUTO_INCREMENT=4 DEFAULT CHARSET=utf8;
/*!40101 SET character_set_client = @saved_cs_client */;

--
-- Dumping data for table `cisco`
--

LOCK TABLES `cisco` WRITE;
/*!40000 ALTER TABLE `cisco` DISABLE KEYS */;
INSERT INTO `cisco` VALUES (1,'TestCid','Test ATM','Test IP','Test AIS','Test GTAIS','Test Dtace','Test GTDTAC','Test ID',1,'2017-02-23 23:17:55'),(2,'52712','K28101','192.172.12.21','128.12.1.12','23hes','167.168.12.32','217de2s','1292',1,'2017-02-24 05:50:21'),(3,'36217','K32810','192.123.22.1.1','172.127.43.84','yh271','153.188.121.122','ujt43','1872',2,'2017-02-24 06:04:37');
/*!40000 ALTER TABLE `cisco` ENABLE KEYS */;
UNLOCK TABLES;

--
-- Table structure for table `configStatus`
--

DROP TABLE IF EXISTS `configStatus`;
/*!40101 SET @saved_cs_client     = @@character_set_client */;
/*!40101 SET character_set_client = utf8 */;
CREATE TABLE `configStatus` (
  `cs_id` int(11) NOT NULL AUTO_INCREMENT,
  `cs_name` varchar(45) NOT NULL,
  `cs_color` varchar(45) NOT NULL,
  PRIMARY KEY (`cs_id`)
) ENGINE=InnoDB AUTO_INCREMENT=10 DEFAULT CHARSET=utf8;
/*!40101 SET character_set_client = @saved_cs_client */;

--
-- Dumping data for table `configStatus`
--

LOCK TABLES `configStatus` WRITE;
/*!40000 ALTER TABLE `configStatus` DISABLE KEYS */;
INSERT INTO `configStatus` VALUES (1,'Error','#e3101d'),(2,'Success','#3bd914'),(7,'Wine','#e3a810');
/*!40000 ALTER TABLE `configStatus` ENABLE KEYS */;
UNLOCK TABLES;

--
-- Table structure for table `dtac_ip`
--

DROP TABLE IF EXISTS `dtac_ip`;
/*!40101 SET @saved_cs_client     = @@character_set_client */;
/*!40101 SET character_set_client = utf8 */;
CREATE TABLE `dtac_ip` (
  `dt_id` int(11) NOT NULL AUTO_INCREMENT,
  `dt_name` varchar(45) NOT NULL,
  `dt_ip` varchar(45) NOT NULL,
  `dt_date` varchar(45) NOT NULL,
  `dt_st` int(11) NOT NULL DEFAULT '2',
  `dt_comment` varchar(255) DEFAULT NULL,
  PRIMARY KEY (`dt_id`)
) ENGINE=InnoDB AUTO_INCREMENT=184 DEFAULT CHARSET=utf8;
/*!40101 SET character_set_client = @saved_cs_client */;

--
-- Dumping data for table `dtac_ip`
--

LOCK TABLES `dtac_ip` WRITE;
/*!40000 ALTER TABLE `dtac_ip` DISABLE KEYS */;
INSERT INTO `dtac_ip` VALUES (135,'DTAC101.1.0.1','101.1.0.1','02/13/2017',2,'test Dtac'),(136,'DTAC101.1.1.1','101.1.1.1','02/13/2017',2,'test Dtac'),(137,'DTAC101.1.2.1','101.1.2.1','02/13/2017',1,'test Dtac'),(138,'DTAC101.1.3.1','101.1.3.1','02/13/2017',2,'test Dtac'),(139,'DTAC101.1.4.1','101.1.4.1','02/13/2017',2,'test Dtac'),(140,'DTAC101.1.5.1','101.1.5.1','02/13/2017',2,'test Dtac'),(141,'DTAC101.1.6.1','101.1.6.1','02/13/2017',2,'test Dtac'),(142,'DTAC101.1.7.1','101.1.7.1','02/13/2017',1,'test Dtac'),(143,'DTAC101.1.8.1','101.1.8.1','02/13/2017',1,'test Dtac'),(144,'DTAC101.1.9.1','101.1.9.1','02/13/2017',1,'test Dtac'),(145,'DTAC101.1.10.1','101.1.10.1','02/13/2017',2,'test Dtac'),(146,'DTAC101.1.11.1','101.1.11.1','02/13/2017',2,'test Dtac'),(147,'DTAC101.1.12.1','101.1.12.1','02/13/2017',2,'test Dtac'),(148,'DTAC101.1.13.1','101.1.13.1','02/13/2017',1,'test Dtac'),(149,'DTAC101.1.14.1','101.1.14.1','02/13/2017',2,'test Dtac'),(150,'DTAC101.1.15.1','101.1.15.1','02/13/2017',2,'test Dtac'),(151,'DTAC192.168.32.1','192.168.32.1','02/08/2017',2,'test Date'),(152,'DTAC192.168.33.1','192.168.33.1','02/08/2017',2,'test Date'),(153,'DTAC192.168.34.1','192.168.34.1','02/08/2017',2,'test Date'),(154,'DTAC192.168.35.1','192.168.35.1','02/08/2017',2,'test Date'),(155,'DTAC192.168.36.1','192.168.36.1','02/08/2017',2,'test Date'),(156,'DTAC192.168.37.1','192.168.37.1','02/08/2017',2,'test Date'),(157,'DTAC192.168.38.1','192.168.38.1','02/08/2017',2,'test Date'),(158,'DTAC192.168.39.1','192.168.39.1','02/08/2017',2,'test Date'),(159,'DTAC192.168.40.1','192.168.40.1','02/08/2017',2,'test Date'),(160,'DTAC192.168.41.1','192.168.41.1','02/08/2017',2,'test Date'),(161,'DTAC192.168.42.1','192.168.42.1','02/08/2017',2,'test Date'),(162,'DTAC192.168.43.1','192.168.43.1','02/08/2017',2,'test Date'),(163,'DTAC192.168.44.1','192.168.44.1','02/08/2017',2,'test Date'),(164,'DTAC192.168.45.1','192.168.45.1','02/08/2017',2,'test Date'),(165,'DTAC192.168.46.1','192.168.46.1','02/08/2017',2,'test Date'),(166,'DTAC192.168.47.1','192.168.47.1','02/08/2017',2,'test Date'),(167,'DTAC192.188.11.1','192.188.11.1','04/19/2017',2,'test'),(168,'DTAC11.22.0.1','11.22.0.1','04/10/2017',2,'sdw'),(169,'DTAC11.22.1.1','11.22.1.1','04/10/2017',2,'sdw'),(170,'DTAC11.22.2.1','11.22.2.1','04/10/2017',2,'sdw'),(171,'DTAC11.22.3.1','11.22.3.1','04/10/2017',2,'sdw'),(172,'DTAC11.22.4.1','11.22.4.1','04/10/2017',2,'sdw'),(173,'DTAC11.22.5.1','11.22.5.1','04/10/2017',2,'sdw'),(174,'DTAC11.22.6.1','11.22.6.1','04/10/2017',2,'sdw'),(175,'DTAC11.22.7.1','11.22.7.1','04/10/2017',2,'sdw'),(176,'DTAC11.22.8.1','11.22.8.1','04/10/2017',2,'sdw'),(177,'DTAC11.22.9.1','11.22.9.1','04/10/2017',2,'sdw'),(178,'DTAC11.22.10.1','11.22.10.1','04/10/2017',2,'sdw'),(179,'DTAC11.22.11.1','11.22.11.1','04/10/2017',2,'sdw'),(180,'DTAC11.22.12.1','11.22.12.1','04/10/2017',2,'sdw'),(181,'DTAC11.22.13.1','11.22.13.1','04/10/2017',2,'sdw'),(182,'DTAC11.22.14.1','11.22.14.1','04/10/2017',2,'sdw'),(183,'DTAC11.22.15.1','11.22.15.1','04/10/2017',2,'sdw');
/*!40000 ALTER TABLE `dtac_ip` ENABLE KEYS */;
UNLOCK TABLES;

--
-- Table structure for table `member`
--

DROP TABLE IF EXISTS `member`;
/*!40101 SET @saved_cs_client     = @@character_set_client */;
/*!40101 SET character_set_client = utf8 */;
CREATE TABLE `member` (
  `mem_id` int(11) NOT NULL AUTO_INCREMENT,
  `mem_username` varchar(45) NOT NULL,
  `mem_password` varchar(45) NOT NULL,
  PRIMARY KEY (`mem_id`)
) ENGINE=InnoDB AUTO_INCREMENT=2 DEFAULT CHARSET=utf8;
/*!40101 SET character_set_client = @saved_cs_client */;

--
-- Dumping data for table `member`
--

LOCK TABLES `member` WRITE;
/*!40000 ALTER TABLE `member` DISABLE KEYS */;
INSERT INTO `member` VALUES (1,'admin','password56');
/*!40000 ALTER TABLE `member` ENABLE KEYS */;
UNLOCK TABLES;

--
-- Table structure for table `router`
--

DROP TABLE IF EXISTS `router`;
/*!40101 SET @saved_cs_client     = @@character_set_client */;
/*!40101 SET character_set_client = utf8 */;
CREATE TABLE `router` (
  `rt_id` int(11) NOT NULL AUTO_INCREMENT,
  `rt_name` varchar(45) NOT NULL,
  `rt_st` int(11) DEFAULT '2',
  PRIMARY KEY (`rt_id`),
  KEY `rt_st` (`rt_st`),
  CONSTRAINT `router_ibfk_1` FOREIGN KEY (`rt_st`) REFERENCES `status` (`st_id`)
) ENGINE=InnoDB AUTO_INCREMENT=16 DEFAULT CHARSET=utf8;
/*!40101 SET character_set_client = @saved_cs_client */;

--
-- Dumping data for table `router`
--

LOCK TABLES `router` WRITE;
/*!40000 ALTER TABLE `router` DISABLE KEYS */;
INSERT INTO `router` VALUES (11,'CiscoO2',1),(12,'Air300',1),(13,'Telnet',1),(14,'WilessTow',1);
/*!40000 ALTER TABLE `router` ENABLE KEYS */;
UNLOCK TABLES;

--
-- Table structure for table `simple`
--

DROP TABLE IF EXISTS `simple`;
/*!40101 SET @saved_cs_client     = @@character_set_client */;
/*!40101 SET character_set_client = utf8 */;
CREATE TABLE `simple` (
  `ar_cid` varchar(45) NOT NULL,
  `ar_atm` varchar(45) NOT NULL,
  `ar_ip` varchar(45) NOT NULL,
  `ar_simais` varchar(45) NOT NULL,
  `ar_tnais` varchar(45) NOT NULL,
  `ar_simdtac` varchar(45) NOT NULL,
  `ar_tndtacl` varchar(45) NOT NULL,
  `ar_rt` int(11) DEFAULT NULL,
  `ar_id` int(11) NOT NULL AUTO_INCREMENT,
  `ar_cs` int(11) DEFAULT '2',
  `ar_time` timestamp NOT NULL DEFAULT CURRENT_TIMESTAMP,
  PRIMARY KEY (`ar_id`),
  KEY `ar_rt` (`ar_rt`),
  KEY `ar_cs` (`ar_cs`),
  CONSTRAINT `simple_ibfk_1` FOREIGN KEY (`ar_rt`) REFERENCES `router` (`rt_id`),
  CONSTRAINT `simple_ibfk_2` FOREIGN KEY (`ar_cs`) REFERENCES `configStatus` (`cs_id`)
) ENGINE=InnoDB AUTO_INCREMENT=4 DEFAULT CHARSET=utf8;
/*!40101 SET character_set_client = @saved_cs_client */;

--
-- Dumping data for table `simple`
--

LOCK TABLES `simple` WRITE;
/*!40000 ALTER TABLE `simple` DISABLE KEYS */;
INSERT INTO `simple` VALUES ('test','test','test','test','test','test','test',14,2,2,'2017-02-23 23:18:35'),('3221','je3u1','128.12.1.32','0932282291','yh2uj2','0832638821','u3h3',13,3,2,'2017-02-24 06:06:22');
/*!40000 ALTER TABLE `simple` ENABLE KEYS */;
UNLOCK TABLES;

--
-- Table structure for table `status`
--

DROP TABLE IF EXISTS `status`;
/*!40101 SET @saved_cs_client     = @@character_set_client */;
/*!40101 SET character_set_client = utf8 */;
CREATE TABLE `status` (
  `st_id` int(11) NOT NULL AUTO_INCREMENT,
  `st_name` varchar(45) NOT NULL,
  PRIMARY KEY (`st_id`)
) ENGINE=InnoDB AUTO_INCREMENT=3 DEFAULT CHARSET=utf8;
/*!40101 SET character_set_client = @saved_cs_client */;

--
-- Dumping data for table `status`
--

LOCK TABLES `status` WRITE;
/*!40000 ALTER TABLE `status` DISABLE KEYS */;
INSERT INTO `status` VALUES (1,''),(2,'');
/*!40000 ALTER TABLE `status` ENABLE KEYS */;
UNLOCK TABLES;

--
-- Table structure for table `typeCustomer`
--

DROP TABLE IF EXISTS `typeCustomer`;
/*!40101 SET @saved_cs_client     = @@character_set_client */;
/*!40101 SET character_set_client = utf8 */;
CREATE TABLE `typeCustomer` (
  `tc_id` int(11) NOT NULL AUTO_INCREMENT,
  `tc_name` varchar(45) NOT NULL,
  PRIMARY KEY (`tc_id`)
) ENGINE=InnoDB AUTO_INCREMENT=3 DEFAULT CHARSET=utf8;
/*!40101 SET character_set_client = @saved_cs_client */;

--
-- Dumping data for table `typeCustomer`
--

LOCK TABLES `typeCustomer` WRITE;
/*!40000 ALTER TABLE `typeCustomer` DISABLE KEYS */;
INSERT INTO `typeCustomer` VALUES (1,'Bank'),(2,'None Bank');
/*!40000 ALTER TABLE `typeCustomer` ENABLE KEYS */;
UNLOCK TABLES;

--
-- Table structure for table `useCutomer`
--

DROP TABLE IF EXISTS `useCutomer`;
/*!40101 SET @saved_cs_client     = @@character_set_client */;
/*!40101 SET character_set_client = utf8 */;
CREATE TABLE `useCutomer` (
  `uc_id` int(11) NOT NULL AUTO_INCREMENT,
  `uc_ai` int(11) NOT NULL,
  `uc_dt` int(11) NOT NULL,
  `uc_cu` int(11) NOT NULL,
  `uc_name` varchar(100) NOT NULL,
  `uc_date` timestamp NOT NULL DEFAULT CURRENT_TIMESTAMP,
  PRIMARY KEY (`uc_id`)
) ENGINE=InnoDB AUTO_INCREMENT=20 DEFAULT CHARSET=utf8;
/*!40101 SET character_set_client = @saved_cs_client */;

--
-- Dumping data for table `useCutomer`
--

LOCK TABLES `useCutomer` WRITE;
/*!40000 ALTER TABLE `useCutomer` DISABLE KEYS */;
INSERT INTO `useCutomer` VALUES (15,198,142,5,'AIS10.16.69.1-DTAC101.1.7.1','2017-02-12 16:51:02'),(16,203,137,1,'AIS10.16.74.1-DTAC101.1.2.1','2017-02-12 16:51:02'),(17,195,144,4,'AIS10.16.66.1-DTAC101.1.9.1','2017-02-12 17:20:47'),(18,201,148,3,'AIS10.16.72.1-DTAC101.1.13.1','2017-02-12 18:47:49'),(19,196,143,9,'AIS10.16.67.1-DTAC101.1.8.1','2017-02-15 02:42:47');
/*!40000 ALTER TABLE `useCutomer` ENABLE KEYS */;
UNLOCK TABLES;
/*!40103 SET TIME_ZONE=@OLD_TIME_ZONE */;

/*!40101 SET SQL_MODE=@OLD_SQL_MODE */;
/*!40014 SET FOREIGN_KEY_CHECKS=@OLD_FOREIGN_KEY_CHECKS */;
/*!40014 SET UNIQUE_CHECKS=@OLD_UNIQUE_CHECKS */;
/*!40101 SET CHARACTER_SET_CLIENT=@OLD_CHARACTER_SET_CLIENT */;
/*!40101 SET CHARACTER_SET_RESULTS=@OLD_CHARACTER_SET_RESULTS */;
/*!40101 SET COLLATION_CONNECTION=@OLD_COLLATION_CONNECTION */;
/*!40111 SET SQL_NOTES=@OLD_SQL_NOTES */;

-- Dump completed on 2017-04-07 23:50:48
